fileid,mic_file,gt_doas_by_scene_ref_order,hark_music_doas,hark_music_scores,mean_matched_doa_error_deg,localization_sec,localization_rtf
0,mic_fileid_0_doa73_3spk.wav,"73,169,206","80,185,270","1.000000,0.743862,0.206605",29.0,0.03094257599877892,0.001755906026488419
1,mic_fileid_1_doa82_3spk.wav,"187,288,82","95,185,280","1.000000,0.528456,0.103082",7.666666666666667,0.031512782001300366,0.0018890997895137762
2,mic_fileid_2_doa36_3spk.wav,"36,128,240","75,185,25","1.000000,0.952134,0.282727",39.666666666666664,0.019505229000060353,0.0011190447067632623
3,mic_fileid_3_doa39_3spk.wav,"39,110,192","295,80,30","1.000000,0.656347,0.527997",47.333333333333336,0.019326187000842765,0.0013059668376320215
4,mic_fileid_4_doa26_3spk.wav,"26,243,58","90,15,180","1.000000,0.149571,0.084015",35.333333333333336,0.02099998899939237,0.0013694491387557484
5,mic_fileid_5_doa60_3spk.wav,"338,60,102","290,85,175","0.836572,0.493476,0.472841",48.666666666666664,0.018921866998425685,0.001226204422741235
6,mic_fileid_6_doa30_3spk.wav,"140,30,87","90,15,165","1.000000,0.504539,0.272690",14.333333333333334,0.020824649000132922,0.0013790130867821387
7,mic_fileid_7_doa57_3spk.wav,"57,120,212","20,90,175","1.000000,0.708979,0.691079",34.666666666666664,0.020512731000053464,0.0014745161197608787
8,mic_fileid_8_doa80_3spk.wav,"333,80,248","340,200,290","1.000000,0.359605,0.347285",56.333333333333336,0.021225254000455607,0.001237398666450318
9,mic_fileid_9_doa85_3spk.wav,"314,242,85","285,200,335","1.000000,0.769831,0.428265",59.666666666666664,0.01534559299943794,0.0009171815016473928
10,mic_fileid_10_doa3_3spk.wav,"3,148,115","275,10,90","1.000000,0.317329,0.061010",53.0,0.02131110499976785,0.001381069122766392
11,mic_fileid_11_doa93_3spk.wav,"264,202,93","265,90,185","0.424318,0.123613,0.097816",7.0,0.0178568159990391,0.0011358575153641052
12,mic_fileid_12_doa38_3spk.wav,"38,105,226","185,10,85","1.000000,0.665269,0.503432",29.666666666666668,0.02442136500030756,0.0014125377407778101
13,mic_fileid_13_doa5_3spk.wav,"5,326,232","275,185,85","1.000000,0.734214,0.651681",59.333333333333336,0.022432997999203508,0.0012837378502813207
14,mic_fileid_14_doa181_3spk.wav,"181,337,224","255,180,100","1.000000,0.315282,0.073407",51.666666666666664,0.03057403200000408,0.0017225777226888323
15,mic_fileid_15_doa78_3spk.wav,"266,300,78","90,270,190","1.000000,0.917800,0.218996",39.333333333333336,0.019578159999582567,0.001252000639461715
16,mic_fileid_16_doa36_3spk.wav,"36,320,159","10,295,50","1.000000,0.999691,0.810597",53.333333333333336,0.01753399500012165,0.0011192477279514646
17,mic_fileid_17_doa99_3spk.wav,"99,163,281","100,5,170","1.000000,0.806578,0.339641",30.666666666666668,0.017404046000592643,0.0010530913601895513
18,mic_fileid_18_doa181_3spk.wav,"181,231,268","180,100,245","1.000000,0.111850,0.087279",51.666666666666664,0.021910515999479685,0.0014001224359051496
19,mic_fileid_19_doa121_3spk.wav,"340,268,121","265,345,180","1.000000,0.400820,0.357277",22.333333333333332,0.01866031700046733,0.0010879303293596175
20,mic_fileid_20_doa68_3spk.wav,"68,186,246","80,15,180","1.000000,0.411547,0.302414",49.0,0.029096420999849215,0.0017449782075699516
21,mic_fileid_21_doa34_3spk.wav,"34,350,147","10,75,180","1.000000,0.562975,0.210054",31.333333333333332,0.024850289000823977,0.0014524051491590455
22,mic_fileid_22_doa22_3spk.wav,"345,22,123","160,270,95","1.000000,0.534025,0.036724",61.666666666666664,0.02797837599973718,0.0016594036950112502
23,mic_fileid_23_doa6_3spk.wav,"212,92,6","195,245,90","1.000000,0.042977,0.033386",46.666666666666664,0.02810528599911777,0.001748466398066334
24,mic_fileid_24_doa57_3spk.wav,"289,113,57","280,90,165","0.926609,0.896081,0.448838",31.333333333333332,0.041985635998571524,0.0025417534108876645
25,mic_fileid_25_doa112_3spk.wav,"112,195,156","180,105,260","1.000000,0.927271,0.274109",32.0,0.01866695399985474,0.0012696772745337656
26,mic_fileid_26_doa34_3spk.wav,"34,339,67","75,20,185","1.000000,0.948126,0.130780",58.666666666666664,0.017958402999283862,0.0011766164681517985
27,mic_fileid_27_doa31_3spk.wav,"173,78,31","175,75,275","1.000000,0.723466,0.448404",40.333333333333336,0.023545519999970566,0.0013675341948581714
28,mic_fileid_28_doa124_3spk.wav,"217,314,124","190,95,345","1.000000,0.714592,0.642638",29.0,0.018811568999808514,0.0011118112856164254
29,mic_fileid_29_doa111_3spk.wav,"111,292,150","100,350,265","1.000000,0.353151,0.239629",61.333333333333336,0.021494915999937803,0.0013421425349039785
30,mic_fileid_30_doa12_3spk.wav,"12,55,279","10,65,280","1.000000,0.979096,0.272465",4.333333333333333,0.021026188998803264,0.0012435921070406556
31,mic_fileid_31_doa53_3spk.wav,"53,159,216","165,60,100","1.000000,0.207717,0.136925",39.0,0.019042175001231954,0.0010729043709228772
32,mic_fileid_32_doa102_3spk.wav,"102,229,286","350,275,195","1.000000,0.723471,0.545323",52.333333333333336,0.01911851899967587,0.0011446501421748761
33,mic_fileid_33_doa34_3spk.wav,"345,34,132","90,180,275","0.510140,0.239363,0.176244",58.0,0.023583676000271225,0.0013817986655986188
34,mic_fileid_34_doa125_3spk.wav,"157,125,263","165,265,105","1.000000,0.891180,0.494051",10.0,0.02851013999861607,0.0017925691425365936
35,mic_fileid_35_doa24_3spk.wav,"24,238,182","75,15,165","1.000000,0.361829,0.083043",63.0,0.025290180999945733,0.001391060806905516
36,mic_fileid_36_doa24_3spk.wav,"269,24,202","270,90,10","1.000000,0.087512,0.067546",42.333333333333336,0.0263175259988202,0.0015202227404313693
37,mic_fileid_37_doa51_3spk.wav,"104,249,51","100,185,255","1.000000,0.022815,0.019402",45.333333333333336,0.018475622999176267,0.0013312885861922659
38,mic_fileid_38_doa1_3spk.wav,"1,262,75","270,180,80","1.000000,0.654507,0.356377",59.333333333333336,0.03057361599894648,0.001730855545510058
39,mic_fileid_39_doa156_3spk.wav,"250,291,156","260,185,100","1.000000,0.020136,0.017966",50.666666666666664,0.02208031000009214,0.0013548903922617787
40,mic_fileid_40_doa14_3spk.wav,"14,91,199","185,5,85","1.000000,0.485856,0.338303",9.666666666666666,0.019127262999973027,0.0013735915978436643
41,mic_fileid_41_doa86_3spk.wav,"116,86,235","255,105,175","1.000000,0.978096,0.798171",32.666666666666664,0.02181742100037809,0.0013367698670656264
42,mic_fileid_42_doa76_3spk.wav,"76,209,324","280,80,180","0.815296,0.705379,0.415102",25.666666666666668,0.020004699999844888,0.001157269197107211
43,mic_fileid_43_doa44_3spk.wav,"273,44,114","275,85,20","1.000000,0.338073,0.179201",18.333333333333332,0.019525458999851253,0.0012419096655096721
44,mic_fileid_44_doa184_3spk.wav,"215,184,256","190,250,105","1.000000,0.432498,0.222527",36.666666666666664,0.027927822000492597,0.0016424749022549826
45,mic_fileid_45_doa62_3spk.wav,"278,62,200","275,80,175","1.000000,0.405128,0.198283",15.333333333333334,0.020935300999553874,0.0012444729047668766
46,mic_fileid_46_doa151_3spk.wav,"189,151,324","185,270,90","1.000000,0.584227,0.291278",39.666666666666664,0.01930166000056488,0.0012034579293927039
47,mic_fileid_47_doa63_3spk.wav,"104,190,63","100,260,5","1.000000,0.741193,0.669477",44.0,0.021180162999371532,0.001270612834972871
48,mic_fileid_48_doa191_3spk.wav,"227,301,191","200,260,335","1.000000,0.418536,0.175542",25.333333333333332,0.017859208001027582,0.0010894411029724628
49,mic_fileid_49_doa63_3spk.wav,"63,207,336","70,185,270","1.000000,0.151552,0.056671",31.666666666666668,0.02092970199919364,0.0012763180778238034
50,mic_fileid_50_doa7_3spk.wav,"58,261,7","15,70,185","1.000000,0.677320,0.357551",32.0,0.019784594000157085,0.0011682924186486021
51,mic_fileid_51_doa46_3spk.wav,"46,165,263","25,270,170","1.000000,0.638323,0.241104",11.0,0.02001751699935994,0.001246110370976092
52,mic_fileid_52_doa46_3spk.wav,"310,89,46","75,350,280","1.000000,0.821611,0.570757",33.333333333333336,0.023176786000476568,0.0014124973375167602
53,mic_fileid_53_doa65_3spk.wav,"106,65,219","100,255,170","1.000000,0.005740,0.004255",45.0,0.028469835000578314,0.0016850169050480258
54,mic_fileid_54_doa45_3spk.wav,"327,78,45","65,335,90","1.000000,0.053619,0.017373",13.333333333333334,0.02109233699957258,0.0014526903129978704
55,mic_fileid_55_doa55_3spk.wav,"144,55,186","95,165,10","1.000000,0.002269,0.001888",38.333333333333336,0.019852692999847932,0.001237766586384727
56,mic_fileid_56_doa11_3spk.wav,"64,114,11","85,5,165","1.000000,0.196242,0.085070",26.0,0.01994740700138209,0.0011639200321728364
57,mic_fileid_57_doa15_3spk.wav,"173,225,15","180,10,265","1.000000,0.557332,0.501094",17.333333333333332,0.02451574599945161,0.0014650588858930215
58,mic_fileid_58_doa91_3spk.wav,"128,91,315","110,270,175","1.000000,0.261348,0.040287",37.0,0.02030604600076913,0.001177068262719298
59,mic_fileid_59_doa11_3spk.wav,"257,11,198","345,260,190","1.000000,0.493189,0.369969",12.333333333333334,0.028607510999790975,0.0017480510528961894
60,mic_fileid_60_doa144_3spk.wav,"144,184,323","100,5,165","1.000000,0.291373,0.140382",35.0,0.01843264499984798,0.0011183924278070235
61,mic_fileid_61_doa93_3spk.wav,"149,311,93","95,155,290","1.000000,0.425843,0.349853",9.666666666666666,0.018658162998690386,0.001146589420884017
62,mic_fileid_62_doa56_3spk.wav,"308,178,56","295,345,190","1.000000,0.125419,0.048337",32.0,0.023752856999635696,0.0013914869984628523
63,mic_fileid_63_doa174_3spk.wav,"312,250,174","270,195,345","1.000000,0.853341,0.535847",24.666666666666668,0.027457318999950076,0.0015276237872996266
64,mic_fileid_64_doa6_3spk.wav,"327,6,162","340,175,280","1.000000,0.452056,0.382650",28.666666666666668,0.020405224000569433,0.0012664121457906102
65,mic_fileid_65_doa48_3spk.wav,"218,293,48","205,280,75","1.000000,0.065764,0.010879",17.666666666666668,0.022861085999466013,0.001415963580586613
66,mic_fileid_66_doa58_3spk.wav,"242,92,58","255,185,100","1.000000,0.266963,0.166127",49.333333333333336,0.020525109001027886,0.0012118682156274307
67,mic_fileid_67_doa77_3spk.wav,"77,269,326","80,10,280","1.000000,0.174851,0.065886",19.333333333333332,0.02299939899967285,0.0013294066067265598
68,mic_fileid_68_doa31_3spk.wav,"357,272,31","185,85,275","1.000000,0.619543,0.487195",74.33333333333333,0.018815235000147368,0.001123071321458952
69,mic_fileid_69_doa229_3spk.wav,"304,229,334","275,195,350","1.000000,0.726204,0.302330",26.333333333333332,0.023254327001268393,0.0014684122472010414
70,mic_fileid_70_doa238_3spk.wav,"288,345,238","280,90,340","1.000000,0.826862,0.580275",53.666666666666664,0.01816530500036606,0.0010221090315934737
71,mic_fileid_71_doa92_3spk.wav,"92,356,260","90,265,180","1.000000,0.482951,0.441490",57.666666666666664,0.022685718999127857,0.0012917687018166105
72,mic_fileid_72_doa57_3spk.wav,"57,223,121","90,35,155","1.000000,0.180786,0.012551",40.333333333333336,0.02004415900046297,0.0012121894711658535
73,mic_fileid_73_doa97_3spk.wav,"97,237,130","100,350,185","1.000000,0.935684,0.826880",57.0,0.02038464799989015,0.0014270591467873217
74,mic_fileid_74_doa76_3spk.wav,"116,76,172","100,160,5","1.000000,0.188081,0.125688",33.0,0.01986698700056877,0.0011755352766177538
75,mic_fileid_75_doa172_3spk.wav,"204,172,243","195,340,265","1.000000,0.048038,0.041300",60.333333333333336,0.019151638000039384,0.001101911667615882
76,mic_fileid_76_doa66_3spk.wav,"66,179,255","180,270,5","1.000000,0.693721,0.647072",25.666666666666668,0.02719883600002504,0.001626007427945212
77,mic_fileid_77_doa164_3spk.wav,"267,164,343","85,270,180","1.000000,0.488750,0.189205",40.333333333333336,0.02166908700019121,0.0014083982288786586
78,mic_fileid_78_doa78_3spk.wav,"78,218,327","10,80,195","1.000000,0.140576,0.077063",22.666666666666668,0.019324353999763844,0.0012215045076928181
79,mic_fileid_79_doa98_3spk.wav,"98,242,322","95,270,190","1.000000,0.308872,0.178464",35.666666666666664,0.01735921799991047,0.0010918605550694533
80,mic_fileid_80_doa69_3spk.wav,"315,253,69","80,350,290","1.000000,0.377835,0.304096",27.666666666666668,0.02780105100100627,0.0016095091183353368
81,mic_fileid_81_doa77_3spk.wav,"289,77,193","75,280,195","1.000000,0.497063,0.103030",4.333333333333333,0.02848635099871899,0.0019176916758368839
82,mic_fileid_82_doa185_3spk.wav,"243,185,355","190,260,85","1.000000,0.183133,0.017164",37.333333333333336,0.034768738001730526,0.002142086284280664
83,mic_fileid_83_doa43_3spk.wav,"43,96,197","75,180,10","1.000000,0.934579,0.607010",23.666666666666668,0.028852609000750817,0.0017439791467213175
84,mic_fileid_84_doa2_3spk.wav,"41,2,122","80,20,105","1.000000,0.728734,0.449493",24.666666666666668,0.02882398200017633,0.001593596749123426
85,mic_fileid_85_doa23_3spk.wav,"173,141,23","170,15,100","1.000000,0.103137,0.042489",17.333333333333332,0.017148687000371865,0.0010056258961382689
86,mic_fileid_86_doa84_3spk.wav,"290,84,193","280,345,185","1.000000,0.347182,0.276955",39.0,0.03172311699927377,0.001863749722728302
87,mic_fileid_87_doa124_3spk.wav,"124,301,359","95,170,275","1.000000,0.345952,0.022165",56.0,0.0332632059999014,0.0019137544894189185
88,mic_fileid_88_doa31_3spk.wav,"122,31,346","160,105,260","1.000000,0.429139,0.217672",66.0,0.036504314999547205,0.0022834106369053874
89,mic_fileid_89_doa150_3spk.wav,"226,150,277","185,260,100","1.000000,0.566611,0.545018",36.0,0.054619038999589975,0.003185294376625405
90,mic_fileid_90_doa49_3spk.wav,"290,174,49","175,280,75","1.000000,0.878226,0.248146",12.333333333333334,0.024148820999471354,0.0014947624124397138
91,mic_fileid_91_doa65_3spk.wav,"144,272,65","270,25,95","1.000000,0.857631,0.833500",30.333333333333332,0.03299892200084287,0.0024991373529743826
92,mic_fileid_92_doa79_3spk.wav,"256,79,224","195,260,95","1.000000,0.868796,0.251147",16.333333333333332,0.04686715499883576,0.0026518508773132328
93,mic_fileid_93_doa3_3spk.wav,"3,41,179","5,275,80","1.000000,0.201315,0.189905",45.666666666666664,0.04688355100006447,0.0028345556831961593
94,mic_fileid_94_doa101_3spk.wav,"101,339,202","215,190,95","1.000000,0.339939,0.334535",47.333333333333336,0.018814889997884165,0.0012850055063223914
95,mic_fileid_95_doa59_3spk.wav,"125,218,59","90,165,5","1.000000,0.222365,0.206203",47.333333333333336,0.04009304200008046,0.002423730199876402
96,mic_fileid_96_doa99_3spk.wav,"160,99,357","100,170,265","1.000000,0.327809,0.069797",34.333333333333336,0.038817443997686496,0.0022266965336901236
97,mic_fileid_97_doa115_3spk.wav,"251,115,322","260,100,350","1.000000,0.482962,0.295985",17.333333333333332,0.04188589000114007,0.002472493248595255
98,mic_fileid_98_doa46_3spk.wav,"128,46,274","270,90,155","1.000000,0.661106,0.044127",25.0,0.03221819199825404,0.0019606683198134184
99,mic_fileid_99_doa33_3spk.wav,"247,33,295","190,95,260","1.000000,0.550622,0.410314",51.333333333333336,0.03627627699825098,0.002101693288042118
100,mic_fileid_100_doa58_3spk.wav,"258,58,135","260,155,100","1.000000,0.943179,0.268921",21.333333333333332,0.03765112299879547,0.002554956943561597
101,mic_fileid_101_doa238_3spk.wav,"272,314,238","195,270,345","1.000000,0.573422,0.516734",25.333333333333332,0.04602418099966599,0.002693835586752472
102,mic_fileid_102_doa204_3spk.wav,"324,204,244","200,265,340","1.000000,0.108159,0.064876",13.666666666666666,0.03906642600122723,0.002261737476732265
103,mic_fileid_103_doa27_3spk.wav,"59,255,27","75,180,15","1.000000,0.782489,0.484979",34.333333333333336,0.03700109099736437,0.002384263743174964
104,mic_fileid_104_doa10_3spk.wav,"301,173,10","80,290,345","1.000000,0.558598,0.121247",43.0,0.041758979998121504,0.0024601188555173023
105,mic_fileid_105_doa7_3spk.wav,"134,7,49","105,155,10","1.000000,0.081224,0.039994",26.666666666666668,0.04183516700140899,0.0025553655438664133
106,mic_fileid_106_doa79_3spk.wav,"130,203,79","95,170,5","1.000000,0.439067,0.387127",47.333333333333336,0.055843305999587756,0.0032861084810349547
107,mic_fileid_107_doa58_3spk.wav,"58,120,308","25,70,150","1.000000,0.687995,0.304339",39.666666666666664,0.03306028299994068,0.0019968762382182098
108,mic_fileid_108_doa63_3spk.wav,"63,191,236","80,10,185","1.000000,0.322561,0.176860",52.333333333333336,0.029742385999270482,0.0019318882789951923
109,mic_fileid_109_doa236_3spk.wav,"236,279,355","265,195,95","1.000000,0.515674,0.273323",51.666666666666664,0.023471622000215575,0.0013440388238449095
110,mic_fileid_110_doa31_3spk.wav,"265,31,116","180,95,155","1.000000,0.156124,0.126760",62.666666666666664,0.03842321899719536,0.003540372389546122
111,mic_fileid_111_doa38_3spk.wav,"186,253,38","5,185,85","1.000000,0.267193,0.182402",53.333333333333336,0.04824609999923268,0.002801788643809154
112,mic_fileid_112_doa172_3spk.wav,"172,268,299","85,175,280","1.000000,0.122948,0.046237",53.666666666666664,0.037466450998181244,0.0021498774045349235
113,mic_fileid_113_doa12_3spk.wav,"64,203,12","190,265,80","1.000000,0.697718,0.489695",45.333333333333336,0.023633983000763692,0.0014433517615642546
114,mic_fileid_114_doa42_3spk.wav,"273,42,353","275,180,85","1.000000,0.234640,0.206551",71.33333333333333,0.025558084998920094,0.001501142974548557
115,mic_fileid_115_doa10_3spk.wav,"201,127,10","5,240,110","1.000000,0.808379,0.363070",20.333333333333332,0.04900859000190394,0.003070040404792429
116,mic_fileid_116_doa41_3spk.wav,"41,175,145","30,275,75","1.000000,0.069829,0.056766",60.333333333333336,0.037948198998492444,0.0023925288400723434
117,mic_fileid_117_doa283_3spk.wav,"326,283,357","305,345,80","1.000000,0.953151,0.558433",41.333333333333336,0.04881918899991433,0.003090188804045691
118,mic_fileid_118_doa22_3spk.wav,"209,325,22","190,345,285","1.000000,0.491477,0.281227",32.0,0.03568530499978806,0.002270779828176141
119,mic_fileid_119_doa74_3spk.wav,"313,74,239","285,340,90","1.000000,0.523356,0.213289",29.666666666666668,0.04842917299902183,0.0029304836620490035
120,mic_fileid_120_doa2_3spk.wav,"257,2,302","345,185,270","1.000000,0.188592,0.167073",40.333333333333336,0.040676650998648256,0.0023868472596319827
121,mic_fileid_121_doa6_3spk.wav,"6,130,180","180,5,95","1.000000,0.265916,0.158994",12.0,0.04090062400064198,0.0026472253262876783
122,mic_fileid_122_doa14_3spk.wav,"302,151,14","5,285,175","1.000000,0.439524,0.117550",16.666666666666668,0.036235691000911174,0.002124964469812045
123,mic_fileid_123_doa174_3spk.wav,"323,174,276","175,285,105","1.000000,0.746363,0.313935",50.666666666666664,0.04496729799939203,0.0028135994430898287
124,mic_fileid_124_doa62_3spk.wav,"251,339,62","255,190,95","0.245171,0.049701,0.027613",59.333333333333336,0.04343966099986574,0.0026449295075647
125,mic_fileid_125_doa76_3spk.wav,"303,76,343","80,345,175","1.000000,0.793396,0.649555",44.666666666666664,0.025362897002196405,0.0015154128745906899
126,mic_fileid_126_doa119_3spk.wav,"119,242,317","110,350,190","1.000000,0.177080,0.129329",31.333333333333332,0.03793780699925264,0.002513790168501438
127,mic_fileid_127_doa151_3spk.wav,"231,357,151","195,95,250","1.000000,0.324419,0.266249",53.666666666666664,0.0532698339993658,0.0031433194075273386
128,mic_fileid_128_doa219_3spk.wav,"300,335,219","345,280,190","1.000000,0.624933,0.243766",19.666666666666668,0.014952314999391092,0.0011595436215115233
129,mic_fileid_129_doa36_3spk.wav,"141,185,36","155,100,260","1.000000,0.190514,0.072883",51.0,0.0505686649994459,0.0030883277732059516
130,mic_fileid_130_doa67_3spk.wav,"67,109,303","80,155,5","1.000000,0.540028,0.110502",40.333333333333336,0.04243843499716604,0.0025177983282582586
131,mic_fileid_131_doa55_3spk.wav,"204,160,55","80,260,200","1.000000,0.162385,0.160775",40.333333333333336,0.04027408000183641,0.0023547790244084874
132,mic_fileid_132_doa43_3spk.wav,"77,117,43","175,80,5","1.000000,0.666685,0.306900",33.0,0.03770938500019838,0.0021667079407146853
133,mic_fileid_133_doa178_3spk.wav,"336,246,178","195,340,270","1.000000,0.979960,0.742811",15.0,0.04537359700043453,0.0029004760443912506
134,mic_fileid_134_doa125_3spk.wav,"125,311,171","100,265,170","1.000000,0.763651,0.597400",24.0,0.04673925300085102,0.0028803163222598594
135,mic_fileid_135_doa93_3spk.wav,"258,93,207","260,100,200","1.000000,0.380780,0.241810",5.333333333333333,0.03791879699929268,0.002238103984789186
136,mic_fileid_136_doa59_3spk.wav,"253,214,59","255,90,185","1.000000,0.164378,0.142674",20.666666666666668,0.03784950000044773,0.0021909509924066908
137,mic_fileid_137_doa84_3spk.wav,"173,278,84","90,175,280","1.000000,0.544478,0.044071",3.3333333333333335,0.04165369900147198,0.0024157400048700228
138,mic_fileid_138_doa68_3spk.wav,"68,225,352","175,270,85","1.000000,0.236057,0.107268",49.666666666666664,0.03870009599995683,0.0023505710749861792
139,mic_fileid_139_doa109_3spk.wav,"109,141,298","155,100,270","1.000000,0.060122,0.057577",17.0,0.04491069899813738,0.0029012782285189323
140,mic_fileid_140_doa211_3spk.wav,"338,255,211","345,290,75","1.000000,0.444907,0.431176",59.333333333333336,0.048847827998542925,0.002894643220014099
141,mic_fileid_141_doa54_3spk.wav,"54,102,176","90,25,160","1.000000,0.302073,0.179694",19.0,0.03884024800208863,0.0023816683837434775
142,mic_fileid_142_doa64_3spk.wav,"193,108,64","190,80,265","1.000000,0.356085,0.219623",56.666666666666664,0.0398576609986776,0.002304227372178412
143,mic_fileid_143_doa172_3spk.wav,"351,172,315","280,180,85","0.508861,0.427435,0.331511",45.666666666666664,0.025935501002095407,0.0015503897421055785
144,mic_fileid_144_doa170_3spk.wav,"250,170,203","255,185,5","1.000000,0.386355,0.091565",60.666666666666664,0.034300936000363436,0.0020667105102836186
145,mic_fileid_145_doa40_3spk.wav,"40,324,109","75,280,165","1.000000,0.385206,0.374107",45.0,0.03025427900138311,0.0019472563820834698
146,mic_fileid_146_doa55_3spk.wav,"170,95,55","265,170,90","1.000000,0.852214,0.479161",51.666666666666664,0.038013780998880975,0.0024373081355024548
147,mic_fileid_147_doa111_3spk.wav,"323,168,111","80,175,335","1.000000,0.174229,0.095845",16.666666666666668,0.02761404899865738,0.0016395944067603243
148,mic_fileid_148_doa52_3spk.wav,"52,179,215","185,80,10","1.000000,0.737486,0.226710",57.0,0.022550088000571122,0.001438418575018889
149,mic_fileid_149_doa92_3spk.wav,"92,167,237","95,265,185","1.000000,0.079364,0.045517",16.333333333333332,0.040134856000804575,0.0023891217334844083
150,mic_fileid_150_doa91_3spk.wav,"223,125,91","190,260,90","1.000000,0.663887,0.386670",34.333333333333336,0.03848214199751965,0.002402374897423718
151,mic_fileid_151_doa83_3spk.wav,"298,83,188","185,85,280","1.000000,0.835677,0.109665",7.666666666666667,0.04584867000085069,0.002844960364913249
152,mic_fileid_152_doa81_3spk.wav,"81,279,246","85,180,5","1.000000,0.801957,0.413276",52.0,0.03384873499817331,0.002180167463611955
153,mic_fileid_153_doa13_3spk.wav,"102,334,13","100,270,175","1.000000,0.446267,0.125743",74.66666666666667,0.03190691099734977,0.002048548493846843
154,mic_fileid_154_doa109_3spk.wav,"109,280,212","100,195,345","1.000000,0.810807,0.729676",30.333333333333332,0.02476207899962901,0.0014910964148121012
155,mic_fileid_155_doa4_3spk.wav,"4,254,170","270,180,95","1.000000,0.867235,0.507052",39.0,0.02918123800191097,0.0016335334859827989
156,mic_fileid_156_doa54_3spk.wav,"169,54,227","170,105,260","1.000000,0.587271,0.544645",28.333333333333332,0.018703317000472452,0.0011085499981758075
157,mic_fileid_157_doa8_3spk.wav,"155,8,118","105,160,5","1.000000,0.505582,0.328710",7.0,0.03773446900231647,0.0022284409406011277
158,mic_fileid_158_doa77_3spk.wav,"251,77,219","255,190,85","1.000000,0.444737,0.271895",13.666666666666666,0.03655577999961679,0.0025707299577789585
159,mic_fileid_159_doa31_3spk.wav,"31,293,218","15,265,55","1.000000,0.508097,0.454758",51.0,0.03159372899972368,0.0018451586508818037
160,mic_fileid_160_doa141_3spk.wav,"141,194,359","265,165,110","1.000000,0.545425,0.100477",51.333333333333336,0.0356482130009681,0.001996651338689823
161,mic_fileid_161_doa59_3spk.wav,"59,240,304","65,295,350","1.000000,0.664378,0.150470",35.666666666666664,0.03711137999925995,0.002101749552199008
162,mic_fileid_162_doa43_3spk.wav,"100,334,43","90,265,10","1.000000,0.355953,0.098703",37.333333333333336,0.03133510900079273,0.0019314195283674663
163,mic_fileid_163_doa154_3spk.wav,"302,341,154","280,350,170","1.000000,0.650803,0.449470",15.666666666666666,0.04603581499759457,0.0028314921424236286
164,mic_fileid_164_doa84_3spk.wav,"84,231,119","90,195,280","1.000000,0.325013,0.277336",43.666666666666664,0.05443326599925058,0.003390450937752588
165,mic_fileid_165_doa32_3spk.wav,"89,32,288","85,270,175","1.000000,0.240361,0.073264",52.333333333333336,0.03753862099983962,0.00222759650774567
166,mic_fileid_166_doa59_3spk.wav,"109,320,59","95,5,165","0.901837,0.891866,0.289359",45.666666666666664,0.0395074520019989,0.002285484243372559
167,mic_fileid_167_doa27_3spk.wav,"27,142,297","10,160,85","1.000000,0.734059,0.292595",49.666666666666664,0.046719051999389194,0.0030042957413236784
168,mic_fileid_168_doa134_3spk.wav,"343,169,134","350,180,100","1.000000,0.763962,0.381927",17.333333333333332,0.034856267000577645,0.001985235408897931
169,mic_fileid_169_doa149_3spk.wav,"264,314,149","265,95,180","1.000000,0.077487,0.054313",57.666666666666664,0.04166311500011943,0.0025228966331669756
170,mic_fileid_170_doa57_3spk.wav,"133,329,57","155,100,275","1.000000,0.657070,0.257896",39.666666666666664,0.04711650800163625,0.002721649053483111
171,mic_fileid_171_doa66_3spk.wav,"238,348,66","205,85,245","1.000000,0.778882,0.577008",51.666666666666664,0.03668692900100723,0.002298265757328002
172,mic_fileid_172_doa1_3spk.wav,"236,1,286","345,205,270","1.000000,0.675168,0.424770",21.0,0.03407663599864463,0.0019966973895435285
173,mic_fileid_173_doa42_3spk.wav,"146,42,87","155,35,95","1.000000,0.168356,0.111150",8.0,0.027629868000076385,0.0015714860652983951
174,mic_fileid_174_doa166_3spk.wav,"166,334,270","170,275,105","1.000000,0.258084,0.206226",46.666666666666664,0.0403961869997147,0.0025978881805647854
175,mic_fileid_175_doa16_3spk.wav,"144,312,16","165,95,275","1.000000,0.267767,0.084495",45.666666666666664,0.049827700000605546,0.002935811870796253
176,mic_fileid_176_doa208_3spk.wav,"208,247,290","265,200,90","1.000000,0.678683,0.336710",62.0,0.044648171999142505,0.0025327087052531044
177,mic_fileid_177_doa189_3spk.wav,"288,189,328","280,80,345","1.000000,0.821434,0.551392",44.666666666666664,0.04652335200080415,0.0028350826560716736
178,mic_fileid_178_doa161_3spk.wav,"331,295,161","350,285,90","1.000000,0.791082,0.344794",33.333333333333336,0.0344381879986031,0.002215226495258664
179,mic_fileid_179_doa105_3spk.wav,"359,105,188","180,270,100","0.730282,0.646297,0.213118",34.0,0.04370442300205468,0.0025550857870668266
180,mic_fileid_180_doa24_3spk.wav,"273,220,24","190,270,80","1.000000,0.509210,0.116596",29.666666666666668,0.03607965199989849,0.00218553625053335
181,mic_fileid_181_doa88_3spk.wav,"175,215,88","175,260,105","1.000000,0.312239,0.111441",20.666666666666668,0.041505798002617666,0.0026577956506362715
182,mic_fileid_182_doa130_3spk.wav,"130,215,342","180,115,255","1.000000,0.053439,0.042535",45.666666666666664,0.039672587998211384,0.0023203905861695954
183,mic_fileid_183_doa59_3spk.wav,"59,311,246","5,265,80","1.000000,0.505115,0.268383",31.333333333333332,0.032255939000606304,0.0020398851550964057
184,mic_fileid_184_doa65_3spk.wav,"260,303,65","265,10,180","1.000000,0.323591,0.208582",57.666666666666664,0.039846584000770235,0.0024100331295024676
185,mic_fileid_185_doa35_3spk.wav,"135,192,35","100,150,175","1.000000,0.701883,0.670314",32.333333333333336,0.02691900400168379,0.0016631683851429941
186,mic_fileid_186_doa43_3spk.wav,"169,43,243","10,180,85","1.000000,0.838885,0.816499",60.0,0.03740016199662932,0.002361028178915246
187,mic_fileid_187_doa136_3spk.wav,"136,238,342","265,175,115","1.000000,0.577544,0.394648",53.666666666666664,0.04096691000086139,0.0023722803868701948
188,mic_fileid_188_doa42_3spk.wav,"247,42,99","255,95,195","1.000000,0.268496,0.121741",52.333333333333336,0.037459997001860756,0.002305071002891231
189,mic_fileid_189_doa19_3spk.wav,"308,19,52","5,175,75","1.000000,0.820547,0.734485",56.666666666666664,0.039845232997322455,0.002327204567200447
190,mic_fileid_190_doa23_3spk.wav,"96,23,193","95,260,180","1.000000,0.056244,0.019059",45.666666666666664,0.025147306001599645,0.0015025763730612458
191,mic_fileid_191_doa169_3spk.wav,"313,169,279","185,290,340","1.000000,0.325374,0.219552",18.0,0.03748092000023462,0.0023029220525016855
192,mic_fileid_192_doa84_3spk.wav,"344,258,84","345,275,85","1.000000,0.820950,0.493119",6.333333333333333,0.025034340000274824,0.0014515185249767974
193,mic_fileid_193_doa66_3spk.wav,"110,218,66","250,95,190","1.000000,0.237001,0.074872",47.0,0.04085372500048834,0.0023886527414665832
194,mic_fileid_194_doa63_3spk.wav,"285,100,63","280,85,180","1.000000,0.524085,0.111705",35.666666666666664,0.03548028599834652,0.0020729763592241893
195,mic_fileid_195_doa40_3spk.wav,"177,40,227","175,260,90","1.000000,0.822380,0.534546",28.333333333333332,0.03791940300288843,0.0023456449467095615
196,mic_fileid_196_doa50_3spk.wav,"357,50,111","5,95,170","1.000000,0.360724,0.263682",37.333333333333336,0.035874184999556746,0.002261179937256378
197,mic_fileid_197_doa7_3spk.wav,"318,43,7","5,185,290","1.000000,0.184671,0.094523",57.333333333333336,0.04454803599946899,0.0025917914839151445
198,mic_fileid_198_doa5_3spk.wav,"109,322,5","95,190,275","0.247617,0.186432,0.051475",72.66666666666667,0.03594782700020005,0.002169223346973014
199,mic_fileid_199_doa56_3spk.wav,"56,261,103","15,80,265","1.000000,0.530219,0.451973",22.666666666666668,0.044044506001228,0.0025387528586855346
200,mic_fileid_200_doa103_3spk.wav,"228,103,315","270,200,95","1.000000,0.456336,0.444943",27.0,0.028769982000085292,0.001666279508866286
201,mic_fileid_201_doa27_3spk.wav,"27,117,210","10,75,180","1.000000,0.011770,0.008920",29.666666666666668,0.028906561001349473,0.0018144138467575952
202,mic_fileid_202_doa79_3spk.wav,"293,79,173","350,290,80","1.000000,0.180591,0.175874",58.333333333333336,0.0161012419994222,0.0014185491387535528
203,mic_fileid_203_doa25_3spk.wav,"88,121,25","95,160,10","1.000000,0.208365,0.053695",20.333333333333332,0.04091245599920512,0.0024335270044732998
204,mic_fileid_204_doa190_3spk.wav,"190,261,320","190,265,90","1.000000,0.381826,0.343570",44.666666666666664,0.030706765999639174,0.0018835762273680474
205,mic_fileid_205_doa68_3spk.wav,"262,137,68","265,5,100","1.000000,0.060136,0.038872",34.333333333333336,0.023714209000900155,0.0013143071946184574
206,mic_fileid_206_doa56_3spk.wav,"56,97,268","80,270,15","1.000000,0.152172,0.135000",20.0,0.03190538499984541,0.0019296979685551883
207,mic_fileid_207_doa138_3spk.wav,"204,138,242","110,245,190","1.000000,0.282022,0.143533",15.0,0.023923380998894572,0.0014233224109705617
208,mic_fileid_208_doa73_3spk.wav,"276,73,223","345,270,195","1.000000,0.521353,0.378989",40.666666666666664,0.027690320999681717,0.0016557854499873212
209,mic_fileid_209_doa17_3spk.wav,"82,17,264","85,270,180","1.000000,0.815118,0.740031",57.333333333333336,0.03303529799813987,0.0020597659050957387
210,mic_fileid_210_doa278_3spk.wav,"312,278,350","285,85,350","1.000000,0.001060,0.000346",46.666666666666664,0.03218872900106362,0.0018347690203670036
211,mic_fileid_211_doa55_3spk.wav,"55,176,98","90,175,280","1.000000,0.696092,0.562215",48.0,0.027726550000807038,0.0016361345716005362
212,mic_fileid_212_doa75_3spk.wav,"293,75,339","285,350,85","1.000000,0.033054,0.011262",9.666666666666666,0.03780993600230431,0.002178697648420315
213,mic_fileid_213_doa78_3spk.wav,"181,78,265","180,275,85","1.000000,0.971692,0.719134",6.0,0.046297216998937074,0.0027313388051259675
214,mic_fileid_214_doa74_3spk.wav,"74,286,169","280,175,80","1.000000,0.844010,0.837899",6.0,0.04274539499965613,0.0025166555784313293
215,mic_fileid_215_doa77_3spk.wav,"169,77,263","175,270,5","1.000000,0.252982,0.223218",28.333333333333332,0.03772525000022142,0.0023663135776085444
216,mic_fileid_216_doa82_3spk.wav,"334,82,252","275,340,200","1.000000,0.494152,0.098977",49.0,0.03753044499899261,0.002235551882236872
217,mic_fileid_217_doa95_3spk.wav,"285,95,185","280,90,350","1.000000,0.090377,0.081031",55.0,0.03927078700144193,0.0023464858389962914
218,mic_fileid_218_doa157_3spk.wav,"157,321,205","340,180,100","1.000000,0.517065,0.304736",33.666666666666664,0.025503387001663214,0.0016515063624195055
219,mic_fileid_219_doa56_3spk.wav,"56,236,109","15,75,190","1.000000,0.878105,0.770587",40.333333333333336,0.037030275001598056,0.002343447272138027
220,mic_fileid_220_doa23_3spk.wav,"237,23,331","200,250,100","1.000000,0.870103,0.162203",65.0,0.027519035000295844,0.0016422166525113515
221,mic_fileid_221_doa91_3spk.wav,"220,286,91","350,200,260","1.000000,0.861768,0.741259",49.0,0.034177130000898615,0.002187861406795142
222,mic_fileid_222_doa144_3spk.wav,"144,181,290","175,150,115","1.000000,0.283402,0.273080",58.333333333333336,0.037124956001207465,0.0021924780051354223
223,mic_fileid_223_doa16_3spk.wav,"137,16,261","15,120,265","1.000000,0.891167,0.798411",7.333333333333333,0.0340018790011527,0.0019165705992420215
224,mic_fileid_224_doa124_3spk.wav,"124,320,248","165,270,105","1.000000,0.947538,0.339944",50.666666666666664,0.046451400998194003,0.0026691030330722636
225,mic_fileid_225_doa14_3spk.wav,"129,14,236","170,105,10","1.000000,0.443758,0.297098",31.333333333333332,0.04391514500093763,0.002964485359948536
226,mic_fileid_226_doa127_3spk.wav,"292,227,127","350,185,280","1.000000,0.368058,0.351927",56.333333333333336,0.04753327999787871,0.0028486923167852516
227,mic_fileid_227_doa143_3spk.wav,"143,323,208","165,110,255","0.784223,0.540920,0.432795",48.0,0.021765532001154497,0.0013823993395356863
228,mic_fileid_228_doa105_3spk.wav,"300,105,172","350,285,180","1.000000,0.037877,0.020156",46.0,0.03621095000198693,0.0023275184394907318
229,mic_fileid_229_doa100_3spk.wav,"100,202,261","265,190,95","1.000000,0.799061,0.636653",7.0,0.031200648998492397,0.0018654399461002142
230,mic_fileid_230_doa73_3spk.wav,"73,213,342","195,350,285","1.000000,0.982313,0.809666",52.666666666666664,0.038814948999061016,0.0023522429512346653
231,mic_fileid_231_doa125_3spk.wav,"328,205,125","340,270,90","1.000000,0.492370,0.452165",37.333333333333336,0.03737810100210481,0.0023504728697508904
232,mic_fileid_232_doa59_3spk.wav,"339,297,59","345,70,185","1.000000,0.106873,0.069449",43.0,0.03297348699925351,0.0019507043415444257
233,mic_fileid_233_doa132_3spk.wav,"203,132,294","190,270,340","1.000000,0.687900,0.654963",57.0,0.03425835899906815,0.0020397040322145867
234,mic_fileid_234_doa1_3spk.wav,"89,213,1","265,90,185","1.000000,0.871166,0.268770",41.666666666666664,0.03293999300149153,0.0019056981776969354
235,mic_fileid_235_doa20_3spk.wav,"209,20,122","180,105,245","1.000000,0.771257,0.335796",59.666666666666664,0.03370138700120151,0.0019104553159605177
236,mic_fileid_236_doa56_3spk.wav,"189,56,331","185,285,85","1.000000,0.477346,0.336932",26.333333333333332,0.03702499800056103,0.0023277378348145997
237,mic_fileid_237_doa41_3spk.wav,"41,309,201","180,65,5","1.000000,0.768012,0.452518",33.666666666666664,0.036644161998992786,0.0022183374649409177
238,mic_fileid_238_doa19_3spk.wav,"155,19,273","160,100,15","1.000000,0.633016,0.416373",57.333333333333336,0.038439462001406355,0.002258272168574173
239,mic_fileid_239_doa4_3spk.wav,"94,4,159","85,175,10","1.000000,0.104391,0.024970",10.333333333333334,0.029226464001112618,0.0017384675188218046
240,mic_fileid_240_doa116_3spk.wav,"116,212,325","345,180,265","1.000000,0.650503,0.337571",45.666666666666664,0.03267764200063539,0.0019212253693325723
241,mic_fileid_241_doa46_3spk.wav,"314,46,217","325,280,85","1.000000,0.598284,0.173847",37.666666666666664,0.030728806003025966,0.001744307209980684
242,mic_fileid_242_doa20_3spk.wav,"182,137,20","175,5,95","1.000000,0.111904,0.089611",21.333333333333332,0.03773112599810702,0.0021962877847496736
243,mic_fileid_243_doa137_3spk.wav,"169,259,137","175,275,105","1.000000,0.807179,0.212899",18.0,0.049948003001190955,0.0027071171302430652
244,mic_fileid_244_doa170_3spk.wav,"301,170,243","190,285,350","1.000000,0.407911,0.231567",37.0,0.05108717600160162,0.0031483307502489176
245,mic_fileid_245_doa25_3spk.wav,"25,325,254","15,85,275","1.000000,0.266991,0.249623",43.666666666666664,0.0346694239997305,0.001949925069761767
246,mic_fileid_246_doa28_3spk.wav,"28,348,138","20,80,165","1.000000,0.602903,0.122336",37.0,0.03863504100081627,0.0022640925326818506
247,mic_fileid_247_doa22_3spk.wav,"22,272,321","15,65,275","1.000000,0.412704,0.391965",33.333333333333336,0.028328976000921102,0.0017588536305790273
248,mic_fileid_248_doa106_3spk.wav,"288,106,233","95,270,180","1.000000,0.511539,0.095650",27.333333333333332,0.03254456699869479,0.00205281549164275
249,mic_fileid_249_doa29_3spk.wav,"85,29,204","85,180,275","1.000000,0.111313,0.068864",46.0,0.03344961499897181,0.0020798604082960218
250,mic_fileid_250_doa95_3spk.wav,"95,247,176","95,5,190","1.000000,0.454547,0.343293",44.0,0.04308655000204453,0.002588733092626839
251,mic_fileid_251_doa23_3spk.wav,"23,295,183","15,170,85","1.000000,0.327085,0.286143",51.666666666666664,0.04121377800038317,0.0024224873920168795
252,mic_fileid_252_doa54_3spk.wav,"54,255,209","15,75,270","1.000000,0.986391,0.617130",62.666666666666664,0.036809392000577645,0.0021609999119721517
253,mic_fileid_253_doa72_3spk.wav,"340,72,207","85,350,180","1.000000,0.492646,0.358255",16.666666666666668,0.03602545700050541,0.002459033600143712
254,mic_fileid_254_doa102_3spk.wav,"304,344,102","90,285,345","1.000000,0.889242,0.674448",10.666666666666666,0.048281280000082916,0.0028173089519300896
255,mic_fileid_255_doa122_3spk.wav,"122,265,216","105,20,160","1.000000,0.288286,0.282607",62.666666666666664,0.04728360399894882,0.0027332945451835756
256,mic_fileid_256_doa87_3spk.wav,"87,172,354","275,90,180","0.565121,0.124508,0.051144",30.0,0.03681474599943613,0.0020036871581046683
257,mic_fileid_257_doa223_3spk.wav,"323,223,263","280,190,345","1.000000,0.385005,0.257593",24.0,0.03682041600040975,0.0021872973045465064
258,mic_fileid_258_doa105_3spk.wav,"233,105,265","100,260,190","1.000000,0.885264,0.769361",17.666666666666668,0.021139393000339624,0.0012433108660690852
259,mic_fileid_259_doa21_3spk.wav,"171,261,21","175,85,275","1.000000,0.382161,0.185500",27.333333333333332,0.03234137999970699,0.0020576178395430036
260,mic_fileid_260_doa135_3spk.wav,"250,340,135","175,255,105","1.000000,0.857270,0.643153",56.666666666666664,0.03345652499774587,0.0020243709108797563
261,mic_fileid_261_doa122_3spk.wav,"176,122,332","180,265,90","1.000000,0.458628,0.412730",34.333333333333336,0.0376762889973179,0.002302423894114607
262,mic_fileid_262_doa98_3spk.wav,"226,135,98","190,105,245","1.000000,0.352689,0.247840",27.0,0.02055547899726662,0.0013579737559612944
263,mic_fileid_263_doa26_3spk.wav,"62,281,26","65,5,280","1.000000,0.264322,0.169839",8.333333333333334,0.07259160499961581,0.004402392789163513
264,mic_fileid_264_doa124_3spk.wav,"124,169,226","115,250,155","1.000000,0.011703,0.006872",15.666666666666666,0.03201937099947827,0.0018794571067694815
265,mic_fileid_265_doa188_3spk.wav,"292,188,222","340,280,200","1.000000,0.664406,0.176205",39.333333333333336,0.03651551100119832,0.002248665137476611
266,mic_fileid_266_doa106_3spk.wav,"359,203,106","175,105,260","0.219750,0.169957,0.110947",42.666666666666664,0.031845926998357754,0.0019158757979715441
267,mic_fileid_267_doa81_3spk.wav,"311,185,81","340,295,185","1.000000,0.634996,0.351670",39.0,0.03727544600042165,0.0022187930565210545
268,mic_fileid_268_doa43_3spk.wav,"354,43,293","70,275,185","0.171955,0.101968,0.022306",71.33333333333333,0.029619149001518963,0.0017500235746835428
269,mic_fileid_269_doa18_3spk.wav,"163,221,18","90,250,10","1.000000,0.370623,0.176753",36.666666666666664,0.05490694000036456,0.003321553492051938
270,mic_fileid_270_doa4_3spk.wav,"4,234,67","5,85,185","1.000000,0.202386,0.158553",22.666666666666668,0.026962587999150855,0.0015167332610938925
271,mic_fileid_271_doa16_3spk.wav,"191,245,16","90,190,255","1.000000,0.765785,0.183439",28.333333333333332,0.0321628919991781,0.0019073761554453687
272,mic_fileid_272_doa59_3spk.wav,"354,59,258","80,265,195","1.000000,0.153238,0.074038",57.666666666666664,0.02958592999857501,0.0017743218686362419
273,mic_fileid_273_doa24_3spk.wav,"24,220,165","185,260,15","1.000000,0.378146,0.324053",23.0,0.0377791739992972,0.002346696523781767
274,mic_fileid_274_doa14_3spk.wav,"111,65,14","100,155,265","1.000000,0.058781,0.058222",62.666666666666664,0.05168294000031892,0.0031437311435717104
275,mic_fileid_275_doa2_3spk.wav,"2,327,96","270,180,95","0.872898,0.614718,0.300750",78.0,0.03434277400083374,0.0020286806519037278
276,mic_fileid_276_doa35_3spk.wav,"127,307,35","160,110,5","1.000000,0.720898,0.285926",55.333333333333336,0.03285565100304666,0.001959484180888425
277,mic_fileid_277_doa52_3spk.wav,"303,133,52","290,90,170","1.000000,0.317726,0.273469",29.333333333333332,0.03229736699722707,0.0021615879929877905
278,mic_fileid_278_doa13_3spk.wav,"102,13,298","95,5,280","1.000000,0.529789,0.463651",11.0,0.02358788099809317,0.0013648419498390378
279,mic_fileid_279_doa26_3spk.wav,"220,122,26","185,260,105","1.000000,0.619482,0.055609",59.333333333333336,0.029085561000101734,0.0016848619363867103
280,mic_fileid_280_doa27_3spk.wav,"27,354,282","270,175,15","1.000000,0.645885,0.537181",60.333333333333336,0.0428379879995191,0.002772909652853409
281,mic_fileid_281_doa220_3spk.wav,"355,220,319","80,250,195","0.066713,0.035131,0.022195",59.666666666666664,0.034622097002284136,0.0019975535203037194
282,mic_fileid_282_doa55_3spk.wav,"276,128,55","95,275,160","1.000000,0.160526,0.126834",24.333333333333332,0.04878596100024879,0.0030032987926557316
283,mic_fileid_283_doa126_3spk.wav,"302,177,126","350,285,85","1.000000,0.243784,0.194519",65.66666666666667,0.038896361002116464,0.002306011516440256
284,mic_fileid_284_doa4_3spk.wav,"256,214,4","85,5,265","1.000000,0.188210,0.135946",46.333333333333336,0.03909656100222492,0.002466407135055549
285,mic_fileid_285_doa48_3spk.wav,"274,48,229","270,15,185","1.000000,0.429508,0.423430",27.0,0.03193105900209048,0.001870211673183031
286,mic_fileid_286_doa62_3spk.wav,"62,357,213","75,280,185","0.658560,0.482193,0.328709",39.333333333333336,0.03093646900015301,0.0019985928791293444
287,mic_fileid_287_doa99_3spk.wav,"147,99,345","100,165,10","1.000000,0.879473,0.537588",14.666666666666666,0.0316085970007407,0.0018713415972080013
288,mic_fileid_288_doa72_3spk.wav,"139,72,227","170,90,265","1.000000,0.812262,0.195016",29.0,0.029817930997523945,0.001885882946186558
289,mic_fileid_289_doa174_3spk.wav,"232,174,358","270,95,185","1.000000,0.699530,0.515292",48.666666666666664,0.023886128001322504,0.0014057175309928865
290,mic_fileid_290_doa23_3spk.wav,"137,23,312","170,5,95","1.000000,0.463643,0.240525",52.666666666666664,0.03128101800029981,0.0017926855309139253
291,mic_fileid_291_doa157_3spk.wav,"263,157,357","270,100,180","1.000000,0.572745,0.355062",44.333333333333336,0.022959423000429524,0.0013870772623523525
292,mic_fileid_292_doa44_3spk.wav,"338,184,44","185,340,280","0.443333,0.414678,0.190994",41.0,0.020258116001059534,0.001338671512658398
293,mic_fileid_293_doa94_3spk.wav,"340,244,94","345,275,190","1.000000,0.306065,0.273048",44.0,0.04960409599880222,0.003079493477494842
294,mic_fileid_294_doa175_3spk.wav,"296,175,330","290,85,175","1.000000,0.445977,0.390825",40.333333333333336,0.047445037998841144,0.0027335208491705613
295,mic_fileid_295_doa80_3spk.wav,"80,243,291","85,190,350","1.000000,0.276104,0.149587",39.0,0.03960681799799204,0.0024603564416692783
296,mic_fileid_296_doa65_3spk.wav,"203,325,65","85,270,185","1.000000,0.336722,0.311656",31.0,0.04918823799744132,0.003101084409538198
297,mic_fileid_297_doa40_3spk.wav,"40,164,357","15,285,65","1.000000,0.316693,0.315778",54.666666666666664,0.04393918699861388,0.0026012217205803947
298,mic_fileid_298_doa53_3spk.wav,"113,53,173","110,160,10","1.000000,0.113028,0.038953",19.666666666666668,0.032309715999872424,0.0020029580311122946
299,mic_fileid_299_doa50_3spk.wav,"134,50,244","155,90,40","1.000000,0.390412,0.052991",47.666666666666664,0.032754634998127585,0.0019690932179975253
300,mic_fileid_300_doa68_3spk.wav,"219,68,274","270,200,350","1.000000,0.103388,0.028658",33.666666666666664,0.036705763999634655,0.0022294052461532647
301,mic_fileid_301_doa9_3spk.wav,"230,265,9","5,200,260","1.000000,0.747030,0.397130",13.0,0.03882989599878783,0.002417651204706297
302,mic_fileid_302_doa36_3spk.wav,"36,344,275","15,55,285","1.000000,0.425449,0.325715",20.0,0.04624256399984006,0.0028487860833574913
303,mic_fileid_303_doa40_3spk.wav,"40,154,111","20,70,275","1.000000,0.299801,0.259038",60.666666666666664,0.03966493199914112,0.0023622909466684207
304,mic_fileid_304_doa128_3spk.wav,"343,128,163","95,160,280","0.358452,0.286924,0.214806",33.0,0.036774929001694545,0.002413746006592742
305,mic_fileid_305_doa32_3spk.wav,"276,212,32","275,70,190","1.000000,0.832885,0.300081",20.333333333333332,0.02460782699927222,0.0015439115356106453
306,mic_fileid_306_doa57_3spk.wav,"57,113,261","20,70,280","1.000000,0.036071,0.010806",33.0,0.026257307999912882,0.0014622629809283695
307,mic_fileid_307_doa86_3spk.wav,"86,288,242","265,90,190","1.000000,0.162250,0.120221",26.333333333333332,0.021436241000628797,0.0012113094777644932
308,mic_fileid_308_doa107_3spk.wav,"107,159,275","100,270,165","1.000000,0.019811,0.018623",6.0,0.024594006998086115,0.0015146308033401506
309,mic_fileid_309_doa45_3spk.wav,"45,99,186","75,35,10","1.000000,0.503959,0.264279",70.0,0.02799100399715826,0.0016634454190575193
310,mic_fileid_310_doa57_3spk.wav,"57,148,220","165,70,25","1.000000,0.261531,0.082245",55.0,0.03792152599999099,0.0022082866231369273
311,mic_fileid_311_doa16_3spk.wav,"102,16,64","95,175,275","1.000000,0.049900,0.029979",68.33333333333333,0.02368235900212312,0.0014375488229039855
312,mic_fileid_312_doa88_3spk.wav,"181,88,219","190,95,245","1.000000,0.989612,0.472108",14.0,0.0195280059997458,0.0013125644670562283
313,mic_fileid_313_doa50_3spk.wav,"113,302,50","165,95,285","1.000000,0.916785,0.470514",38.0,0.053441116000612965,0.0030168007000261348
314,mic_fileid_314_doa25_3spk.wav,"25,288,201","60,15,275","1.000000,0.872931,0.325650",54.666666666666664,0.0265193459999864,0.0017392728912344845
315,mic_fileid_315_doa207_3spk.wav,"207,292,344","190,95,265","1.000000,0.976111,0.412879",51.666666666666664,0.03287415000158944,0.0019269865694554876
316,mic_fileid_316_doa105_3spk.wav,"105,145,180","170,5,105","1.000000,0.994071,0.718506",50.0,0.030780064000282437,0.0018589941944470326
317,mic_fileid_317_doa4_3spk.wav,"180,4,115","175,265,90","0.638293,0.382702,0.251490",43.0,0.029973720000270987,0.001719650318071212
318,mic_fileid_318_doa38_3spk.wav,"38,326,193","170,270,75","1.000000,0.131348,0.044550",38.666666666666664,0.03399236900077085,0.001938101887266711
319,mic_fileid_319_doa41_3spk.wav,"198,160,41","190,250,110","1.000000,0.111422,0.036821",50.333333333333336,0.02519962499718531,0.0014740825233617953
320,mic_fileid_320_doa73_3spk.wav,"73,335,181","80,295,180","1.000000,0.215144,0.189037",16.0,0.018398189000436105,0.0011643225934317581
321,mic_fileid_321_doa43_3spk.wav,"301,195,43","280,350,185","1.000000,0.864722,0.335484",28.0,0.027762304998759646,0.001527037485149454
322,mic_fileid_322_doa9_3spk.wav,"9,200,238","190,255,5","1.000000,0.702427,0.280354",10.333333333333334,0.025361031999636907,0.0016021246239021397
323,mic_fileid_323_doa100_3spk.wav,"189,323,100","90,185,265","1.000000,0.333403,0.182179",24.0,0.02319938299842761,0.0015240943385896896
324,mic_fileid_324_doa14_3spk.wav,"14,283,52","80,175,275","1.000000,0.376304,0.306258",65.66666666666667,0.024333240999112604,0.001569544760357832
325,mic_fileid_325_doa27_3spk.wav,"340,27,308","285,180,80","0.666212,0.563981,0.093500",78.66666666666667,0.027482859997689957,0.001624090532897409
326,mic_fileid_326_doa143_3spk.wav,"143,312,218","270,335,115","1.000000,0.733729,0.426917",34.333333333333336,0.02176771800077404,0.0012728077943983008
327,mic_fileid_327_doa189_3spk.wav,"303,263,189","75,280,345","1.000000,0.611208,0.370469",57.666666666666664,0.01902994899865007,0.0012503251641688613
328,mic_fileid_328_doa119_3spk.wav,"119,153,264","115,165,260","1.000000,0.553400,0.354308",6.666666666666667,0.024053281998931197,0.0013970455211448516
329,mic_fileid_329_doa12_3spk.wav,"196,280,12","190,265,90","1.000000,0.145004,0.074613",33.0,0.02278503399793408,0.0013167400257414969
330,mic_fileid_330_doa67_3spk.wav,"67,354,287","85,280,180","1.000000,0.255380,0.251906",66.33333333333333,0.025969578000513138,0.0015766490654552604
331,mic_fileid_331_doa39_3spk.wav,"39,192,247","10,75,270","1.000000,0.497910,0.326473",56.333333333333336,0.022648109999863664,0.0012891041685858466
332,mic_fileid_332_doa4_3spk.wav,"152,79,4","160,15,95","1.000000,0.670160,0.661308",11.666666666666666,0.021478691000083927,0.001368450826270628
333,mic_fileid_333_doa167_3spk.wav,"167,277,222","170,270,95","1.000000,0.163750,0.155668",43.666666666666664,0.02031128499947954,0.0011253568806415702
334,mic_fileid_334_doa122_3spk.wav,"245,122,188","180,255,115","1.000000,0.973235,0.246779",8.333333333333334,0.022130836001451826,0.0014500257005513116
335,mic_fileid_335_doa43_3spk.wav,"104,43,331","100,155,275","1.000000,0.152470,0.060928",54.666666666666664,0.013951418000942795,0.0009911669361094646
336,mic_fileid_336_doa91_3spk.wav,"91,206,143","190,90,350","1.000000,0.460705,0.391499",56.666666666666664,0.029278211000928422,0.0017268186966044486
337,mic_fileid_337_doa165_3spk.wav,"302,165,212","290,85,345","1.000000,0.407476,0.352085",67.0,0.02299102100005257,0.0013522539113076445
338,mic_fileid_338_doa129_3spk.wav,"175,321,129","350,180,105","1.000000,0.694216,0.070031",19.333333333333332,0.018550907996541355,0.0012455916604194085
339,mic_fileid_339_doa48_3spk.wav,"48,232,80","65,20,260","1.000000,0.172155,0.053980",23.666666666666668,0.025127714001428103,0.0014791558097424255
340,mic_fileid_340_doa68_3spk.wav,"68,250,108","80,270,15","1.000000,0.147441,0.137927",33.666666666666664,0.02053274600257282,0.0012468269372463458
341,mic_fileid_341_doa16_3spk.wav,"196,16,141","240,180,120","1.000000,0.466971,0.013112",57.666666666666664,0.02381112099828897,0.0013559670846536337
342,mic_fileid_342_doa2_3spk.wav,"60,2,326","10,70,185","1.000000,0.247153,0.114596",53.0,0.025375141001859447,0.0015004776963351263
343,mic_fileid_343_doa17_3spk.wav,"53,205,17","15,65,270","1.000000,0.121956,0.084562",26.333333333333332,0.023687393000727752,0.0014667343457779687
344,mic_fileid_344_doa9_3spk.wav,"314,9,210","340,80,280","0.799089,0.744912,0.642351",55.666666666666664,0.02626854699701653,0.0015208526391765132
345,mic_fileid_345_doa61_3spk.wav,"61,305,154","70,15,170","1.000000,0.716880,0.603443",31.666666666666668,0.02334221199998865,0.0013762893825261214
346,mic_fileid_346_doa62_3spk.wav,"292,62,260","195,285,345","1.000000,0.044260,0.031294",49.666666666666664,0.02388433999658446,0.0014202286340860995
347,mic_fileid_347_doa18_3spk.wav,"18,315,192","10,80,175","1.000000,0.847605,0.545571",44.666666666666664,0.025455582999711623,0.0014917165188049327
348,mic_fileid_348_doa57_3spk.wav,"173,57,221","185,90,270","1.000000,0.219941,0.150242",31.333333333333332,0.02748672599773272,0.0015773286371888599
349,mic_fileid_349_doa87_3spk.wav,"166,87,355","170,10,100","1.000000,0.226887,0.202744",10.666666666666666,0.02063873899896862,0.0012553309357907425
350,mic_fileid_350_doa97_3spk.wav,"216,97,333","260,95,345","1.000000,0.481714,0.344193",19.333333333333332,0.02632956800152897,0.0016574331083851232
351,mic_fileid_351_doa35_3spk.wav,"35,80,214","10,265,290","1.000000,0.933180,0.435805",75.33333333333333,0.025354430999868782,0.0016299073332927555
352,mic_fileid_352_doa234_3spk.wav,"234,340,268","265,350,200","1.000000,0.482601,0.411783",15.666666666666666,0.02118783299738425,0.0013219571207452288
353,mic_fileid_353_doa27_3spk.wav,"354,27,314","285,75,190","0.816326,0.219312,0.139210",80.33333333333333,0.023187316000985447,0.0013384504733886774
354,mic_fileid_354_doa100_3spk.wav,"331,204,100","345,270,95","1.000000,0.236870,0.152061",28.333333333333332,0.03341331100091338,0.0019388299703148404
355,mic_fileid_355_doa22_3spk.wav,"285,172,22","285,180,10","1.000000,0.670887,0.664265",6.666666666666667,0.02736536000156775,0.0016442440948780802
356,mic_fileid_356_doa17_3spk.wav,"181,17,292","5,180,85","1.000000,0.659025,0.481800",47.333333333333336,0.049721422998118214,0.00298907671602439
357,mic_fileid_357_doa155_3spk.wav,"234,155,328","190,260,95","1.000000,0.183866,0.111341",57.333333333333336,0.021285394999722484,0.0013581257128095954
358,mic_fileid_358_doa96_3spk.wav,"326,96,216","275,335,195","1.000000,0.538257,0.332743",55.666666666666664,0.015300171002309071,0.001014970380596973
359,mic_fileid_359_doa92_3spk.wav,"291,252,92","280,90,195","1.000000,0.701524,0.520832",23.333333333333332,0.021493730000656797,0.0012516912953343018
360,mic_fileid_360_doa3_3spk.wav,"104,3,299","275,95,170","1.000000,0.082504,0.079248",60.666666666666664,0.02921724699990591,0.0017407538019217964
361,mic_fileid_361_doa8_3spk.wav,"230,8,188","250,200,105","1.000000,0.804920,0.329055",43.0,0.01869122999778483,0.0012211003224227566
362,mic_fileid_362_doa47_3spk.wav,"265,141,47","270,170,350","1.000000,0.508248,0.301825",30.333333333333332,0.02091909099908662,0.0012315489814604156
363,mic_fileid_363_doa95_3spk.wav,"336,95,264","270,190,95","1.000000,0.994521,0.598621",46.666666666666664,0.020443628000066383,0.001208412939076791
364,mic_fileid_364_doa50_3spk.wav,"345,50,210","350,80,280","1.000000,0.564012,0.122428",35.0,0.03248940000048606,0.0019144492321576877
365,mic_fileid_365_doa174_3spk.wav,"212,265,174","255,345,190","1.000000,0.237580,0.169893",46.333333333333336,0.02907435599991004,0.0017050533152459797
366,mic_fileid_366_doa75_3spk.wav,"180,75,359","180,80,275","1.000000,0.247504,0.008992",29.666666666666668,0.024347450998902787,0.0015346523269689199
367,mic_fileid_367_doa110_3spk.wav,"261,298,110","265,185,95","1.000000,0.083525,0.080328",41.333333333333336,0.022971791000600206,0.0013641712356070345
368,mic_fileid_368_doa76_3spk.wav,"76,259,294","80,180,275","1.000000,0.136471,0.111779",34.0,0.03084002200193936,0.0020086803065735943
369,mic_fileid_369_doa27_3spk.wav,"75,27,169","80,5,175","1.000000,0.907650,0.451877",11.0,0.031000301001768094,0.0019406724052690681
370,mic_fileid_370_doa148_3spk.wav,"297,148,334","290,175,350","1.000000,0.926040,0.605881",16.666666666666668,0.02603183999963221,0.0015548591138964125
371,mic_fileid_371_doa68_3spk.wav,"306,189,68","190,70,335","1.000000,0.497595,0.363588",10.666666666666666,0.021445367001433624,0.0012953620851942633
372,mic_fileid_372_doa161_3spk.wav,"161,231,330","175,270,110","1.000000,0.542132,0.319721",55.666666666666664,0.029266284000186715,0.0017354166907673368
373,mic_fileid_373_doa55_3spk.wav,"176,276,55","175,90,265","1.000000,0.331020,0.286803",15.666666666666666,0.02893840300021111,0.001586078732832442
374,mic_fileid_374_doa92_3spk.wav,"253,92,187","195,260,90","1.000000,0.766644,0.091949",5.666666666666667,0.02482364800016512,0.0014656677343743707
375,mic_fileid_375_doa192_3spk.wav,"336,293,192","180,285,340","1.000000,0.140243,0.102070",8.0,0.025772462999157142,0.001562973914969921
376,mic_fileid_376_doa40_3spk.wav,"104,40,150","95,30,155","1.000000,0.251492,0.088607",8.0,0.026596147999953246,0.0015722480491814404
377,mic_fileid_377_doa285_3spk.wav,"285,320,350","280,345,190","1.000000,0.448906,0.106502",46.666666666666664,0.021471050000400282,0.0013884987228247345
378,mic_fileid_378_doa15_3spk.wav,"85,295,15","85,290,5","1.000000,0.390358,0.086333",5.0,0.024269991998153273,0.0013923165555300872
379,mic_fileid_379_doa53_3spk.wav,"248,204,53","255,195,95","1.000000,0.026579,0.007568",19.333333333333332,0.024908294002671028,0.0014652691831297804
380,mic_fileid_380_doa120_3spk.wav,"216,302,120","255,195,105","1.000000,0.674119,0.483825",27.666666666666668,0.03618463200109545,0.00219284187568187
381,mic_fileid_381_doa212_3spk.wav,"246,336,212","205,260,80","1.000000,0.195362,0.017328",41.666666666666664,0.023689231999014737,0.0013747133333245167
382,mic_fileid_382_doa34_3spk.wav,"193,255,34","20,260,75","1.000000,0.561807,0.388594",45.666666666666664,0.023891978999017738,0.001364583398126223
383,mic_fileid_383_doa0_3spk.wav,"166,246,0","175,100,260","1.000000,0.249887,0.218939",41.0,0.021531171001697658,0.0013225941215453583
384,mic_fileid_384_doa36_3spk.wav,"36,264,154","25,85,275","1.000000,0.845866,0.564235",30.333333333333332,0.025681127001007553,0.0015986881746158728
385,mic_fileid_385_doa92_3spk.wav,"92,221,282","85,175,275","0.317950,0.093771,0.046723",20.0,0.024098593999951845,0.0014175851997795172
386,mic_fileid_386_doa35_3spk.wav,"142,66,35","90,10,170","1.000000,0.756890,0.580886",25.666666666666668,0.024155967999831773,0.001364050369858929
387,mic_fileid_387_doa54_3spk.wav,"88,160,54","90,10,170","1.000000,0.907268,0.840086",18.666666666666668,0.022528322999278316,0.0013467634917594007
388,mic_fileid_388_doa22_3spk.wav,"22,242,89","265,85,15","1.000000,0.246676,0.211749",11.333333333333334,0.018937746001029154,0.0010629703004219077
389,mic_fileid_389_doa78_3spk.wav,"78,117,174","275,85,20","1.000000,0.634906,0.182105",63.666666666666664,0.00786020799932885,0.0015839609056810197
390,mic_fileid_390_doa110_3spk.wav,"110,255,358","265,180,105","1.000000,0.131119,0.124825",57.666666666666664,0.023826714997994713,0.0015085331242745373
391,mic_fileid_391_doa145_3spk.wav,"208,268,145","190,260,110","1.000000,0.486787,0.405193",20.333333333333332,0.025737363001098856,0.001629707727568967
392,mic_fileid_392_doa16_3spk.wav,"209,16,100","250,100,195","1.000000,0.460234,0.195929",46.666666666666664,0.024012125002627727,0.0014801285213972587
393,mic_fileid_393_doa13_3spk.wav,"293,49,13","80,280,5","1.000000,0.268721,0.043723",17.333333333333332,0.01808207000067341,0.0015731062682738189
394,mic_fileid_394_doa77_3spk.wav,"332,77,143","345,290,105","1.000000,0.776386,0.702373",57.333333333333336,0.028516236998257227,0.0016850953677846805
395,mic_fileid_395_doa31_3spk.wav,"308,31,271","75,285,5","1.000000,0.835550,0.452391",38.333333333333336,0.023177281000243966,0.0014555736389838029
396,mic_fileid_396_doa107_3spk.wav,"212,333,107","255,195,100","1.000000,0.740090,0.221949",34.0,0.01820301599946106,0.0012638460029307384
397,mic_fileid_397_doa73_3spk.wav,"199,262,73","255,195,95","1.000000,0.864566,0.344535",11.0,0.03371383900230285,0.0018746704479597888
398,mic_fileid_398_doa14_3spk.wav,"14,88,177","175,10,85","1.000000,0.769289,0.145700",3.0,0.025140582998574246,0.0014304029243821003
399,mic_fileid_399_doa240_3spk.wav,"281,240,317","270,90,335","1.000000,0.467723,0.460767",59.666666666666664,0.024032542001805268,0.0014140220495741035
