fileid,chunk_count,chunk_indices,chunk_mic_files,audio_start_sec,audio_end_sec,audio_duration_sec,gt_dominant_spk1_doa,gt_text_file,input_audio_mode,reference_text,hypothesis_text,wer,edit_distance,ref_words,hypothesis_text_cleaned,wer_cleaned,edit_distance_cleaned,ref_words_cleaned
0,4,"1,2,3,4",mic_fileid_0_doa73_3spk_1.wav|mic_fileid_0_doa73_3spk_2.wav|mic_fileid_0_doa73_3spk_3.wav|mic_fileid_0_doa73_3spk_4.wav,0.0,16.0,16.0,73,text_fileid_0_doa73_spk1.txt,mean_all_channels,BUT BEFORE HIS ARRIVAL LIFE WAS EXTINCT THE COUNT IS INSANE WITH GRIEF MORE ESPECIALLY BECAUSE THE MAID DISCOVERED THAT HER LADYSHIP HAD LEFT A LETTER TO SOME MAN SHE CALLS DICK TELLING HIM THAT SHE LOVED HIM,"But you know it's a rivalry, life is extinct is insane with grief, especially because the maid discovered That's her relationship with Linda's letter to some man she calls Dick, telling him that she loved him. What did he say?",0.47368421052631576,18,38,"But you know it's a rivalry, life is extinct is insane with grief, especially because the maid discovered That's her relationship with Linda's letter to some man she calls Dick, telling him that she loved him. What did he say?",0.47368421052631576,18,38
1,4,"1,2,3,4",mic_fileid_1_doa82_3spk_1.wav|mic_fileid_1_doa82_3spk_2.wav|mic_fileid_1_doa82_3spk_3.wav|mic_fileid_1_doa82_3spk_4.wav,16.0,32.0,16.0,187,text_fileid_1_doa187_spk1.txt,mean_all_channels,BUT THE PRECAUTIONS WHICH HAVE BEEN SO HAPPILY CONCERTED IN THE SYSTEM UNDER CONSIDERATION PROMISE AN EFFECTUAL SECURITY AGAINST THIS MISCHIEF THE CHOICE OF SEVERAL TO FORM AN INTERMEDIATE BODY OF ELECTORS,"He's the first to fight a wave so happily. It's something was promised for effectual security. >> But it gets this, Mr. Contreras. >> The choice of several to form an intermediate body of electors.",0.59375,19,32,"He's the first to fight a wave so happily. It's something was promised for effectual security. But it gets this, Mr. Contreras. The choice of several to form an intermediate body of electors.",0.59375,19,32
2,5,"1,2,3,4,5",mic_fileid_2_doa36_3spk_1.wav|mic_fileid_2_doa36_3spk_2.wav|mic_fileid_2_doa36_3spk_3.wav|mic_fileid_2_doa36_3spk_4.wav|mic_fileid_2_doa36_3spk_5.wav,32.0,52.0,20.0,36,text_fileid_2_doa36_spk1.txt,mean_all_channels,OR WASHING OR CHURNING DAYS HER LIFE WAS QUIET AND MONOTONOUS ALTHOUGH HARD WORKING AND WHILE HER HANDS MECHANICALLY FOUND AND DID THEIR ACCUSTOMED LABOUR THE THOUGHTS THAT ROSE IN HER HEAD ALWAYS CENTRED ON CHARLEY KINRAID HIS WAYS HIS WORDS,"Or watching for transbole . Her life was quiet in the mountains, although hard-working , and while her hands mechanically found and did their accustomed labor. The thoughts that rose in her head from recent years on Charlie Crannell , his ways, his words.",0.36585365853658536,15,41,"Or watching for transbole. Her life was quiet in the mountains, although hard-working, and while her hands mechanically found and did their accustomed labor. The thoughts that rose in her head from recent years on Charlie Crannell, his ways, his words.",0.36585365853658536,15,41
3,4,"1,2,3,4",mic_fileid_3_doa39_3spk_1.wav|mic_fileid_3_doa39_3spk_2.wav|mic_fileid_3_doa39_3spk_3.wav|mic_fileid_3_doa39_3spk_4.wav,52.0,68.0,16.0,39,text_fileid_3_doa39_spk1.txt,mean_all_channels,WHICH TAKES OVER THE USUAL STREAM OF CONSCIOUSNESS TYPE OF THINKING IT IS IMPLIED THAT THE PROCESS MAY BE ATAVISTIC ONE OF THE NEWER THEORIES ONE HELD BY DOCTOR LEWIS R WOLBERG A PSYCHOANALYST,Which takes over the traditional studio consciousness type of thing. It is implied that the process may be out of this. I'm not sure if it's a suicide or a suicide.,0.5,17,34,Which takes over the traditional studio consciousness type of thing. It is implied that the process may be out of this. I'm not sure if it's a suicide or a suicide.,0.5,17,34
4,4,"1,2,3,4",mic_fileid_4_doa26_3spk_1.wav|mic_fileid_4_doa26_3spk_2.wav|mic_fileid_4_doa26_3spk_3.wav|mic_fileid_4_doa26_3spk_4.wav,68.0,84.0,16.0,26,text_fileid_4_doa26_spk1.txt,mean_all_channels,THE PUBLICATION IF MADE AT ALL SHOULD BE EFFECTED AS SOON AS POSSIBLE AFTER MY DEATH MY FATHER DIED ON THE SIXTH OF DECEMBER EIGHTEEN EIGHTY TWO IT WILL BE SEEN THEREFORE,"The publication is made at all should be affected as soon as possible after my death . My father died on the 6th of December 1882 , singular. It will be seen therefore .",0.1875,6,32,"The publication is made at all should be affected as soon as possible after my death. My father died on the 6th of December 1882, singular. It will be seen therefore.",0.1875,6,32
5,4,"1,2,3,4",mic_fileid_5_doa60_3spk_1.wav|mic_fileid_5_doa60_3spk_2.wav|mic_fileid_5_doa60_3spk_3.wav|mic_fileid_5_doa60_3spk_4.wav,84.0,100.0,16.0,338,text_fileid_5_doa338_spk1.txt,mean_all_channels,HOW TRUE WHEN ONE HAS THE HONOR OF BEING AN EXPERT AS MASTER IS ONE MUSTN'T LAY HIMSELF OPEN TO CONSEIL DIDN'T HAVE TIME TO COMPLETE THE COMPLIMENT IN THE MIDST OF THE GENERAL SILENCE A VOICE BECAME AUDIBLE,">> [INAUDIBLE ] When one has the honor of being an expert as master is, one must let himself open to . And then the midst of the general silence of voice came audible .",0.38461538461538464,15,39,"When one has the honor of being an expert as master is, one must let himself open to. And then the midst of the general silence of voice came audible.",0.38461538461538464,15,39
6,4,"1,2,3,4",mic_fileid_6_doa30_3spk_1.wav|mic_fileid_6_doa30_3spk_2.wav|mic_fileid_6_doa30_3spk_3.wav|mic_fileid_6_doa30_3spk_4.wav,100.0,116.0,16.0,140,text_fileid_6_doa140_spk1.txt,mean_all_channels,HE WORE A BLOUSE AND UNDER HIS BLOUSE AN OLD BLACK COAT HE MADE PRETENSIONS TO LITERATURE AND TO MATERIALISM THERE WERE CERTAIN NAMES WHICH HE OFTEN PRONOUNCED TO SUPPORT WHATEVER THINGS HE MIGHT BE SAYING VOLTAIRE,He built a house and under his boss he bought a code. He needs to turn to literature and to materials. There were certain names which are often pronounced to support whatever things that might be seen. Voltaire .,0.3783783783783784,14,37,He built a house and under his boss he bought a code. He needs to turn to literature and to materials. There were certain names which are often pronounced to support whatever things that might be seen. Voltaire.,0.3783783783783784,14,37
7,3,"1,2,3",mic_fileid_7_doa57_3spk_1.wav|mic_fileid_7_doa57_3spk_2.wav|mic_fileid_7_doa57_3spk_3.wav,116.0,128.0,12.0,57,text_fileid_7_doa57_spk1.txt,mean_all_channels,THOSE BULLET HOLES IN THE BACK OF THE CAR WERE FIRED FROM ABOVE AND BEHIND THE MACHINE THEY SLANTED DOWN BUT NOT SIDEWISE,[inaudible] [ Indistinct chatter . Keep your arm out with,1.0,23,23,Indistinct chatter. Keep your arm out with,1.0,23,23
8,5,"1,2,3,4,5",mic_fileid_8_doa80_3spk_1.wav|mic_fileid_8_doa80_3spk_2.wav|mic_fileid_8_doa80_3spk_3.wav|mic_fileid_8_doa80_3spk_4.wav|mic_fileid_8_doa80_3spk_5.wav,128.0,148.0,20.0,333,text_fileid_8_doa333_spk1.txt,mean_all_channels,THEY WANTED TO LEARN THE GAME AT TWO O'CLOCK THE CAPTAIN ASKED THE MATE HOW WE WERE GETTING ON OH PRETTY GLIBLY SIR REPLIED THE MATE WE CAN SCARCELY TELL WHAT HEADWAY WE ARE MAKING FOR WE ARE OBLIGED TO KEEP THE MIDDLE OF THE RIVER AND THERE IS THE SHADOW OF A FOG RISING,"I wanted to learn the game. At two o'clock, the captain asked the mate how to work his teeth on. Oh, pre-glinged term , by the name of ""Chicken Scar cey"" tell what headway we are making, for we are alive to keep the middle of the river, and there is the shadow of a fall rising . The",0.3090909090909091,17,55,"I wanted to learn the game. At two o'clock, the captain asked the mate how to work his teeth on. Oh, pre-glinged term, by the name of""Chicken Scar cey""tell what headway we are making, for we are alive to keep the middle of the river, and there is the shadow of a fall rising. The",0.3090909090909091,17,55
9,4,"1,2,3,4",mic_fileid_9_doa85_3spk_1.wav|mic_fileid_9_doa85_3spk_2.wav|mic_fileid_9_doa85_3spk_3.wav|mic_fileid_9_doa85_3spk_4.wav,148.0,164.0,16.0,314,text_fileid_9_doa314_spk1.txt,mean_all_channels,THE DEAF GENTLEMAN SUBMITTED WHY DID YOU INVITE YOURSELF BECAUSE A TEA PARTY IS NOT COMPLETE WITHOUT A WOMAN HER MANNER WAS AS STRANGELY ALTERED AS HER LOOKS THAT SHE WAS BESIDE HERSELF FOR THE MOMENT I CLEARLY SAW,"Dutch has no sign of the Netherlands. So you invited to invite us to the Netherlands ? Yes. Tell me. It was a strange way out of that. Well, I killed my people. The she was beside herself with a moment of fear and thought .",0.9230769230769231,36,39,"Dutch has no sign of the Netherlands. So you invited to invite us to the Netherlands? Yes. Tell me. It was a strange way out of that. Well, I killed my people. The she was beside herself with a moment of fear and thought.",0.9230769230769231,36,39
10,4,"1,2,3,4",mic_fileid_10_doa3_3spk_1.wav|mic_fileid_10_doa3_3spk_2.wav|mic_fileid_10_doa3_3spk_3.wav|mic_fileid_10_doa3_3spk_4.wav,164.0,180.0,16.0,3,text_fileid_10_doa3_spk1.txt,mean_all_channels,HERE HE SAW CLIENTS WHEN MISTER CARLYLE WAS OUT OR ENGAGED AND HERE HE ISSUED PRIVATE ORDERS A LITTLE WINDOW NOT LARGER THAN A PANE OF GLASS LOOKED OUT FROM THE CLERK'S OFFICE THEY CALLED IT OLD DILL'S PEEP HOLE AND WISHED IT ANYWHERE ELSE,"Here he saw clients with Mr . Carlile's house, where he lived, and here he issued private orders. It's a little window, not larger than a pane of glass. Looked out for a place on this. They call it Old Dills People and wished it anywhere else.",0.35555555555555557,16,45,"Here he saw clients with Mr. Carlile's house, where he lived, and here he issued private orders. It's a little window, not larger than a pane of glass. Looked out for a place on this. They call it Old Dills People and wished it anywhere else.",0.35555555555555557,16,45
11,4,"1,2,3,4",mic_fileid_11_doa93_3spk_1.wav|mic_fileid_11_doa93_3spk_2.wav|mic_fileid_11_doa93_3spk_3.wav|mic_fileid_11_doa93_3spk_4.wav,180.0,196.0,16.0,264,text_fileid_11_doa264_spk1.txt,mean_all_channels,SEES ME BOWLING ALONG THE ROAD STRAIGHTWAY DELIVERS HIMSELF OF A YELL PURE AND SIMPLE AT PERRYSBURG I STRIKE THE FAMOUS MAUMEE PIKE FORTY MILES OF STONE ROAD ALMOST A DEAD LEVEL,"Seed's rep. on the home space is through and when he delivers to the cell phone again, it will be working single-handedly . It 's a swan-y pipe. It's like my own stone road . Thank you.",1.0625,34,32,"Seed's rep. on the home space is through and when he delivers to the cell phone again, it will be working single-handedly. It's a swan-y pipe. It's like my own stone road. Thank you.",1.03125,33,32
12,5,"1,2,3,4,5",mic_fileid_12_doa38_3spk_1.wav|mic_fileid_12_doa38_3spk_2.wav|mic_fileid_12_doa38_3spk_3.wav|mic_fileid_12_doa38_3spk_4.wav|mic_fileid_12_doa38_3spk_5.wav,196.0,216.0,20.0,38,text_fileid_12_doa38_spk1.txt,mean_all_channels,OF ANY OTHER MATTER WHICH MIGHT HAVE BEEN PREYING UPON HER HUSBAND'S MIND RECENTLY MISSUS MANDERSON KNEW OF NONE WHATEVER THE CORONER INTIMATED THAT HER ORDEAL WAS AT AN END AND THE VEILED LADY MADE HER WAY TO THE DOOR,"Thank >> [INAUDIBLE] >> Mrs. Anderson, you are not a young, they want a rest. They want to be able to make it. her way to the dorms .",0.9,36,40,"Thank Mrs. Anderson, you are not a young, they want a rest. They want to be able to make it. her way to the dorms.",0.9,36,40
13,5,"1,2,3,4,5",mic_fileid_13_doa5_3spk_1.wav|mic_fileid_13_doa5_3spk_2.wav|mic_fileid_13_doa5_3spk_3.wav|mic_fileid_13_doa5_3spk_4.wav|mic_fileid_13_doa5_3spk_5.wav,216.0,236.0,20.0,5,text_fileid_13_doa5_spk1.txt,mean_all_channels,NO MATTER HOW DIFFICULT HE MUST SUCCEED IN IT OR DIE THEY DID NOT THINK LONG BUT REPLIED LET HIM BUILD YOUR MAJESTY IN ONE DAY A MORE BEAUTIFUL PALACE THAN THIS AND IF HE FAILS IN THE ATTEMPT,>> [INAUDIBLE] [inaudible ] [ inaudible] Palestine this and if it fails it is turned back .,0.9230769230769231,36,39,Palestine this and if it fails it is turned back.,0.9230769230769231,36,39
14,5,"1,2,3,4,5",mic_fileid_14_doa181_3spk_1.wav|mic_fileid_14_doa181_3spk_2.wav|mic_fileid_14_doa181_3spk_3.wav|mic_fileid_14_doa181_3spk_4.wav|mic_fileid_14_doa181_3spk_5.wav,236.0,256.0,20.0,181,text_fileid_14_doa181_spk1.txt,mean_all_channels,THIS WAS A CURIOUS CONSOLATION THE TWO SPENT HOURS TOGETHER SOMETIMES IN THE TINY PARLOR STUMBLING OVER BERLIN WOOL DIFFICULTIES AND NOW AND THEN WANDERING TO AND FRO CONVERSATIONALLY FROM PRISCILLA TO THE OCTAGON STITCH AND FROM THE OCTAGON STITCH TO DENIS,"This was a curious population. The two spend hours together sometimes to a tiny parlor. St ompy boarder for little difficulties and now and then Watery 2 and Pro , conversational input percent to the optimal stitch and from the optimal stitch to Dennis. [BLANK_AUDIO]",0.4523809523809524,19,42,"This was a curious population. The two spend hours together sometimes to a tiny parlor. St ompy boarder for little difficulties and now and then Watery 2 and Pro, conversational input percent to the optimal stitch and from the optimal stitch to Dennis.",0.42857142857142855,18,42
15,4,"1,2,3,4",mic_fileid_15_doa78_3spk_1.wav|mic_fileid_15_doa78_3spk_2.wav|mic_fileid_15_doa78_3spk_3.wav|mic_fileid_15_doa78_3spk_4.wav,256.0,272.0,16.0,266,text_fileid_15_doa266_spk1.txt,mean_all_channels,WHEN ON SHORE HE FOLLOWED HIS FAVORITES LIKE A DOG AND WAS NEVER KNOWN TO ROOT EXCEPT IN SPEECH AND APPEARANCE HE WAS THE COUNTERPART OF A HAPPY GOOD NATURED AND WELL CARED FOR HOUSEHOLD DOG,"When I'm sure he follows his favorite family's own. And it was never known to lose. Except when speech and appearance, he was the counter-p uller, so he had these good hands, well cared for, household dog .",0.5,18,36,"When I'm sure he follows his favorite family's own. And it was never known to lose. Except when speech and appearance, he was the counter-p uller, so he had these good hands, well cared for, household dog.",0.5,18,36
16,4,"1,2,3,4",mic_fileid_16_doa36_3spk_1.wav|mic_fileid_16_doa36_3spk_2.wav|mic_fileid_16_doa36_3spk_3.wav|mic_fileid_16_doa36_3spk_4.wav,272.0,288.0,16.0,36,text_fileid_16_doa36_spk1.txt,mean_all_channels,ONE HOT SUMMER DAY A FEW MONTHS AFTER THE MARRIAGE JULIET RETURNING TO THE CONSULATE AFTER A MORNING SPENT IN VERY ACTIVE EXERCISE UPON A TENNIS COURT WAS MET ON THE DOORSTEP BY DORA THE YOUNGEST OF THE CLARENCY BUTCHERS,"One heard summer day, the fling was after Mary and Julia returning to the council in St . Croix, not to spend a very active exercise in the Holy Church . The End.",0.75,30,40,"One heard summer day, the fling was after Mary and Julia returning to the council in St. Croix, not to spend a very active exercise in the Holy Church. The End.",0.75,30,40
17,4,"1,2,3,4",mic_fileid_17_doa99_3spk_1.wav|mic_fileid_17_doa99_3spk_2.wav|mic_fileid_17_doa99_3spk_3.wav|mic_fileid_17_doa99_3spk_4.wav,288.0,304.0,16.0,99,text_fileid_17_doa99_spk1.txt,mean_all_channels,WASN'T SHE LATER ON ENGAGED TO A MAN WHOM SHE REALLY LOVED YES THAT WAS IT AND DURING ALL THE TIME SHE KEPT UP HER OLD LIAISON THE AUTHOR WANTED TO SHOW THAT A WOMAN CAN LOVE IN TWO WAYS A MAN ONLY IN ONE THAT'S TRUE ENOUGH ISN'T IT CERTAINLY,"Wasn't she later on engaged to a man who she really loved? Yes, that was it. And during all the time she kept up her old liaison with the author of ""Wanted to Show That a Woman Can Love It Too Late May Only a One That's True, Not This Late Certainly .",0.23529411764705882,12,51,"Wasn't she later on engaged to a man who she really loved? Yes, that was it. And during all the time she kept up her old liaison with the author of""Wanted to Show That a Woman Can Love It Too Late May Only a One That's True, Not This Late Certainly.",0.23529411764705882,12,51
18,4,"1,2,3,4",mic_fileid_18_doa181_3spk_1.wav|mic_fileid_18_doa181_3spk_2.wav|mic_fileid_18_doa181_3spk_3.wav|mic_fileid_18_doa181_3spk_4.wav,304.0,320.0,16.0,181,text_fileid_18_doa181_spk1.txt,mean_all_channels,AND DON'T I HOPE THAT FIRST PICTURE TURNS OUT GOOD IT WAS A REMARKABLE POSE IF ONLY THE FOCUS WAS RIGHT HE STARTED TOWARD THE CABIN DOOR AS THOUGH ANXIOUS TO DEVELOP HIS ROLL OF FILM AND DISCOVER WHAT SUCCESS HIS LABOR HAD RESULTED IN,"And don't I hope that first picture turned out good? It was a remarkable, better, and less humane to focus on. He started toward the cabin door as though anxious to develop his role as film and discover what success his labor had resulted in the next video.",0.28888888888888886,13,45,"And don't I hope that first picture turned out good? It was a remarkable, better, and less humane to focus on. He started toward the cabin door as though anxious to develop his role as film and discover what success his labor had resulted in the next video.",0.28888888888888886,13,45
19,5,"1,2,3,4,5",mic_fileid_19_doa121_3spk_1.wav|mic_fileid_19_doa121_3spk_2.wav|mic_fileid_19_doa121_3spk_3.wav|mic_fileid_19_doa121_3spk_4.wav|mic_fileid_19_doa121_3spk_5.wav,320.0,340.0,20.0,340,text_fileid_19_doa340_spk1.txt,mean_all_channels,THE INJURIES TO DAK KOVA HAD DELAYED THE MARCH SO GREATLY THAT IT WAS DECIDED TO GIVE UP THE EXPEDITION WHICH WAS A RAID UPON A SMALL THARK COMMUNITY IN RETALIATION FOR THE DESTRUCTION OF THE INCUBATOR UNTIL AFTER THE GREAT GAMES,"Thank you decided to give up the expedition, which was arrayed upon a small, dark community in retaliation for the destruction of the incubator until after the Great Games. - Such a subject. - I",0.5,21,42,"Thank you decided to give up the expedition, which was arrayed upon a small, dark community in retaliation for the destruction of the incubator until after the Great Games. - Such a subject. - I",0.5,21,42
20,4,"1,2,3,4",mic_fileid_20_doa68_3spk_1.wav|mic_fileid_20_doa68_3spk_2.wav|mic_fileid_20_doa68_3spk_3.wav|mic_fileid_20_doa68_3spk_4.wav,340.0,356.0,16.0,68,text_fileid_20_doa68_spk1.txt,mean_all_channels,OLENIN WAS ABOUT TO APPROACH THE DEAD BODY AND HAD BEGUN TO LOOK AT IT WHEN THE BROTHER LOOKING UP AT HIM FROM UNDER HIS BROWS WITH CALM CONTEMPT SAID SOMETHING SHARPLY AND ANGRILY,leann was about to approach the dead body and had begun to look at it when the brother looking up a table from under his brows with calm contempt. Said something sharply and angri ly nothing. We,0.20588235294117646,7,34,leann was about to approach the dead body and had begun to look at it when the brother looking up a table from under his brows with calm contempt. Said something sharply and angri ly nothing. We,0.20588235294117646,7,34
21,4,"1,2,3,4",mic_fileid_21_doa34_3spk_1.wav|mic_fileid_21_doa34_3spk_2.wav|mic_fileid_21_doa34_3spk_3.wav|mic_fileid_21_doa34_3spk_4.wav,356.0,372.0,16.0,34,text_fileid_21_doa34_spk1.txt,mean_all_channels,WE THEN WENT TO WORK TO MAKE CLOTHES AFTER THE PATTERN OF THE NETCHELLI ESKIMO AND THE SEWING WENT ON EARLY AND LATE THICK ANORAKS AND THIN ONES HEAVY BREECHES AND LIGHT WINTER STOCKINGS AND SUMMER STOCKINGS,then went towards organic flow after the passing of the net shell estimate and the sum went on early and late to think and or act something once every bre aches I went your stock ings and some are showing his spout as he swung.,0.8918918918918919,33,37,then went towards organic flow after the passing of the net shell estimate and the sum went on early and late to think and or act something once every bre aches I went your stock ings and some are showing his spout as he swung.,0.8918918918918919,33,37
22,4,"1,2,3,4",mic_fileid_22_doa22_3spk_1.wav|mic_fileid_22_doa22_3spk_2.wav|mic_fileid_22_doa22_3spk_3.wav|mic_fileid_22_doa22_3spk_4.wav,372.0,388.0,16.0,345,text_fileid_22_doa345_spk1.txt,mean_all_channels,THEY HAVE MERELY GONE TO WORK IN A BUSINESS LIKE MANNER AND USED THEIR WITS AND COMMON SENSE IN EDUCATING THE VOTERS REALLY MY DEARS I'M MORE PROUD OF YOU TODAY THAN I'VE EVER BEEN BEFORE HE CONCLUDED,[Indistinct chatter [inaudible] [inaudible ],1.0,38,38,,1.0,38,38
23,4,"1,2,3,4",mic_fileid_23_doa6_3spk_1.wav|mic_fileid_23_doa6_3spk_2.wav|mic_fileid_23_doa6_3spk_3.wav|mic_fileid_23_doa6_3spk_4.wav,388.0,404.0,16.0,212,text_fileid_23_doa212_spk1.txt,mean_all_channels,WHEN HIS CRIES WERE HEARD BY A FARMER WHO WAS WALKING HOME FROM TOWN AND HE WAS BROUGHT BACK TO HIS FATHER'S HOUSE HE WAS SO TIRED AND EXCITED THAT HE DID NOT KNOW WHAT WAS HAPPENING TO HIM BY CHANCE DAVID'S FATHER KNEW THAT HE HAD DISAPPEARED,"[BLANK walking home from town, he was brought back to his father's house . He was so tired and excited to give her what was happening to him. By chance, David 's father, the man who had to die disappeared .",0.4791666666666667,23,48,"BLANK walking home from town, he was brought back to his father's house. He was so tired and excited to give her what was happening to him. By chance, David's father, the man who had to die disappeared.",0.4375,21,48
24,4,"1,2,3,4",mic_fileid_24_doa57_3spk_1.wav|mic_fileid_24_doa57_3spk_2.wav|mic_fileid_24_doa57_3spk_3.wav|mic_fileid_24_doa57_3spk_4.wav,404.0,420.0,16.0,289,text_fileid_24_doa289_spk1.txt,mean_all_channels,I HAD NOT FORGOTTEN THE LIVID JAGGED FURROWS IN MERCER'S SIDE QUICKLY AS I SHOT TO THE LADDER SHE WAS THERE BEFORE ME A DIM WAVERING WHITE SHAPE WAITING I PAUSED HOLDING TO A RUNG OF THE LADDER WITH ONE HAND,"I have not forgotten the rivet jacket for a little pressure side . She was there before me, a dim, wavering, white shade waiting. I paused, holding to a rung of a ladder with one hand .",0.3902439024390244,16,41,"I have not forgotten the rivet jacket for a little pressure side. She was there before me, a dim, wavering, white shade waiting. I paused, holding to a rung of a ladder with one hand.",0.3902439024390244,16,41
25,3,"1,2,3",mic_fileid_25_doa112_3spk_1.wav|mic_fileid_25_doa112_3spk_2.wav|mic_fileid_25_doa112_3spk_3.wav,420.0,432.0,12.0,112,text_fileid_25_doa112_spk1.txt,mean_all_channels,THERE WAS THE SWEETNESS OF THE MAYFLOWER AND THE STRENGTH OF THE YOUNG OAK BUT ONE COULD EASILY DIVINE THAT SHE WAS ONE OF THE SOULS BY NATURE PITCHED TOO HIGH BY SUFFERING PLUNGED TOO LOW,"There was the sweetness of the Mayflower and the strength of the young oak. One could easily define that she was one of the role of the nature of picture high by suffering plums to love. Once raised herself, but you've been",0.4444444444444444,16,36,"There was the sweetness of the Mayflower and the strength of the young oak. One could easily define that she was one of the role of the nature of picture high by suffering plums to love. Once raised herself, but you've been",0.4444444444444444,16,36
26,4,"1,2,3,4",mic_fileid_26_doa34_3spk_1.wav|mic_fileid_26_doa34_3spk_2.wav|mic_fileid_26_doa34_3spk_3.wav|mic_fileid_26_doa34_3spk_4.wav,432.0,448.0,16.0,34,text_fileid_26_doa34_spk1.txt,mean_all_channels,THEY CAME FROM THE EAST WEST NORTH AND SOUTH ALL SORRY TO KNOW OF HER ILLNESS AND BRINGING PRESENTS WITH THEM SOMETIMES IT WAS A LITTLE LIVE BIRD OR SQUIRREL A DELICIOUS SALMON TROUT,"looking for the east, west, north and south . It was a custom of mine . Sometimes it was a little like a spurt of squirrel markers. A delicious salmon trout. (audio",0.5882352941176471,20,34,"looking for the east, west, north and south. It was a custom of mine. Sometimes it was a little like a spurt of squirrel markers. A delicious salmon trout. (audio",0.5882352941176471,20,34
27,5,"1,2,3,4,5",mic_fileid_27_doa31_3spk_1.wav|mic_fileid_27_doa31_3spk_2.wav|mic_fileid_27_doa31_3spk_3.wav|mic_fileid_27_doa31_3spk_4.wav|mic_fileid_27_doa31_3spk_5.wav,448.0,468.0,20.0,173,text_fileid_27_doa173_spk1.txt,mean_all_channels,IT SEEMS THAT THE PUBLIC ADMIRE HER AS MUCH AS I HAVE DONE I I SHALL FIND HER SOME DAY THEN SHE WILL RETURN TO ME STILL THINKING OF HER I OBSERVED REPROACHFULLY YES ALWAYS,"cuts out) I shall find her someday , then she will return to me. I guess it was a mind still thinking of everybody. I observed the time he did yes always .",0.7714285714285715,27,35,"cuts out) I shall find her someday, then she will return to me. I guess it was a mind still thinking of everybody. I observed the time he did yes always.",0.7714285714285715,27,35
28,4,"1,2,3,4",mic_fileid_28_doa124_3spk_1.wav|mic_fileid_28_doa124_3spk_2.wav|mic_fileid_28_doa124_3spk_3.wav|mic_fileid_28_doa124_3spk_4.wav,468.0,484.0,16.0,217,text_fileid_28_doa217_spk1.txt,mean_all_channels,FELL FAR SHORT DON'T LOOK BACK GRUNTED VENTNOR STRETCH YOURSELF WALTER THERE'S A SURPRISE COMING HOPE TO GOD I JUDGED THE TIME RIGHT WE TURNED OFF THE RUINED WAY,"At this point, I'm going to go through the entire process . We turned up the wrong way. Who gave you that ?",0.9310344827586207,27,29,"At this point, I'm going to go through the entire process. We turned up the wrong way. Who gave you that?",0.9310344827586207,27,29
29,4,"1,2,3,4",mic_fileid_29_doa111_3spk_1.wav|mic_fileid_29_doa111_3spk_2.wav|mic_fileid_29_doa111_3spk_3.wav|mic_fileid_29_doa111_3spk_4.wav,484.0,500.0,16.0,111,text_fileid_29_doa111_spk1.txt,mean_all_channels,MY FATHER WAS AND STILL IS RECEVEUR GENERAL AT C HE HAS A GREAT REPUTATION THERE FOR LOYALTY THANKS TO WHICH HE WAS ABLE TO FIND THE SECURITY WHICH HE NEEDED IN ORDER TO ATTAIN THIS POSITION,My father was and still is receiver general at CE. He has a great reputation for loyalty. Thanks to which we were able to find the security or to take it in order to return to the position.,0.32432432432432434,12,37,My father was and still is receiver general at CE. He has a great reputation for loyalty. Thanks to which we were able to find the security or to take it in order to return to the position.,0.32432432432432434,12,37
30,4,"1,2,3,4",mic_fileid_30_doa12_3spk_1.wav|mic_fileid_30_doa12_3spk_2.wav|mic_fileid_30_doa12_3spk_3.wav|mic_fileid_30_doa12_3spk_4.wav,500.0,516.0,16.0,12,text_fileid_30_doa12_spk1.txt,mean_all_channels,WHICH COVERED THEM DOWN TO THE ANKLES AND WHICH THEY WORE WINTER AND SUMMER WOMEN COMMONLY WORE A LONG LOOSE CLOAK WITH A HOOD A FASHION WHICH IS COMMON AT THE PRESENT DAY THE OVER GARMENTS WERE FASTENED BY BROOCHES PINS BUTTONS,"(indistinct chatter s. When it comes to a more long list of people, there's a hood, a fashion which is common at the present day. The over grabments were fastened by broaches, pins , buttons.",0.5714285714285714,24,42,"(indistinct chatter s. When it comes to a more long list of people, there's a hood, a fashion which is common at the present day. The over grabments were fastened by broaches, pins, buttons.",0.5714285714285714,24,42
31,5,"1,2,3,4,5",mic_fileid_31_doa53_3spk_1.wav|mic_fileid_31_doa53_3spk_2.wav|mic_fileid_31_doa53_3spk_3.wav|mic_fileid_31_doa53_3spk_4.wav|mic_fileid_31_doa53_3spk_5.wav,516.0,536.0,20.0,53,text_fileid_31_doa53_spk1.txt,mean_all_channels,THIS WAS THE PORTER WHO HAD BEEN KILLED BY LE CABUC BELOW BY THE LIGHTS OF THE TORCH WHICH WAS THRUST BETWEEN THE PAVING STONES THIS HEAD COULD BE VAGUELY DISTINGUISHED NOTHING COULD BE STRANGER IN THAT SOMBRE AND UNCERTAIN GLEAM,"His eyes looked so real , with a tilt, but no conjecture at all. Below, by the lines of a torch which was right between the launch of the systems. This had to be so distinguished. Nothing could not be enough som ber and uncertain bleak and Mozart .",0.7560975609756098,31,41,"His eyes looked so real, with a tilt, but no conjecture at all. Below, by the lines of a torch which was right between the launch of the systems. This had to be so distinguished. Nothing could not be enough som ber and uncertain bleak and Mozart.",0.7560975609756098,31,41
32,5,"1,2,3,4,5",mic_fileid_32_doa102_3spk_1.wav|mic_fileid_32_doa102_3spk_2.wav|mic_fileid_32_doa102_3spk_3.wav|mic_fileid_32_doa102_3spk_4.wav|mic_fileid_32_doa102_3spk_5.wav,536.0,556.0,20.0,102,text_fileid_32_doa102_spk1.txt,mean_all_channels,LET ME BE OBSEQUIOUS IN THY HEART AND TAKE THOU MY OBLATION POOR BUT FREE WHICH IS NOT MIX'D WITH SECONDS KNOWS NO ART BUT MUTUAL RENDER ONLY ME FOR THEE HENCE THOU SUBORNED INFORMER,"You're a traitor yourself. I know you all played your all lives. This is a break of the way things are going. I'm not going to break the way things are going. So, we're going to get the baseball brooch started with a gliding gate. [BLANK",1.2857142857142858,45,35,"You're a traitor yourself. I know you all played your all lives. This is a break of the way things are going. I'm not going to break the way things are going. So, we're going to get the baseball brooch started with a gliding gate. BLANK",1.2857142857142858,45,35
33,4,"1,2,3,4",mic_fileid_33_doa34_3spk_1.wav|mic_fileid_33_doa34_3spk_2.wav|mic_fileid_33_doa34_3spk_3.wav|mic_fileid_33_doa34_3spk_4.wav,556.0,572.0,16.0,345,text_fileid_33_doa345_spk1.txt,mean_all_channels,WHEN I WENT TO SLEEP LAST NIGHT I BELONGED TO GOVERNOR LUCAS BUT I UNDERSTAND DAT HE IS BIN GAMBLING ALL NIGHT SO I DON'T KNOW WHO OWNS ME DIS MORNING SUCH IS THE UNCERTAINTY OF A SLAVE'S POSITION,And she had sweet last night . I would want to go to the Lucas. It's a very special day. I'm going to try to get a little more of this. I 'm sure he's happy there to the right.,0.9230769230769231,36,39,And she had sweet last night. I would want to go to the Lucas. It's a very special day. I'm going to try to get a little more of this. I'm sure he's happy there to the right.,0.9230769230769231,36,39
34,4,"1,2,3,4",mic_fileid_34_doa125_3spk_1.wav|mic_fileid_34_doa125_3spk_2.wav|mic_fileid_34_doa125_3spk_3.wav|mic_fileid_34_doa125_3spk_4.wav,572.0,588.0,16.0,157,text_fileid_34_doa157_spk1.txt,mean_all_channels,THEREFORE SELLEN HAD FALLEN ON EVIL DAYS FOR HE COULD NOT BRING HIMSELF TO PAINT AGAINST HIS BETTER JUDGMENT HE WAS NOW RENTING A FORMER PHOTOGRAPHIC STUDIO ON THE TOP OF A HOUSE IN GOVERNMENT STREET THE ACCOMMODATION CONSISTED OF THE STUDIO ITSELF,"It was there for so many had fallen on evil days, for he could not bring himself to paint against his better judgment. He was now running a former photographic studio on the top of a house in government street . The accommodation consisted of the studio itself.",0.16279069767441862,7,43,"It was there for so many had fallen on evil days, for he could not bring himself to paint against his better judgment. He was now running a former photographic studio on the top of a house in government street. The accommodation consisted of the studio itself.",0.16279069767441862,7,43
35,5,"1,2,3,4,5",mic_fileid_35_doa24_3spk_1.wav|mic_fileid_35_doa24_3spk_2.wav|mic_fileid_35_doa24_3spk_3.wav|mic_fileid_35_doa24_3spk_4.wav|mic_fileid_35_doa24_3spk_5.wav,588.0,608.0,20.0,24,text_fileid_35_doa24_spk1.txt,mean_all_channels,THE WESTERN WORLD IS WARNED IF NOT ARMED AGAINST THE POSSIBILITY OF IT IN THE SECOND PLACE THERE IS A WEAKNESS INHERENT IN THE BROWN MAN WHICH WILL BRING HIS ADVENTURE TO NAUGHT FROM THE WEST HE HAS BORROWED ALL OUR MATERIAL ACHIEVEMENT AND PASSED OUR ETHICAL ACHIEVEMENT BY,"The western world is warned if not marked against the possibility of the previous verse. In the second place, there is weakness and herit in the brown man, which will bring his adventure to naught. From the west he has borrowed all our material achievement and passed our ethical achievement by.",0.14285714285714285,7,49,"The western world is warned if not marked against the possibility of the previous verse. In the second place, there is weakness and herit in the brown man, which will bring his adventure to naught. From the west he has borrowed all our material achievement and passed our ethical achievement by.",0.14285714285714285,7,49
36,4,"1,2,3,4",mic_fileid_36_doa24_3spk_1.wav|mic_fileid_36_doa24_3spk_2.wav|mic_fileid_36_doa24_3spk_3.wav|mic_fileid_36_doa24_3spk_4.wav,608.0,624.0,16.0,269,text_fileid_36_doa269_spk1.txt,mean_all_channels,THE BRIDGE OPENED ON A RATHER FINE STREET CALLED SAINT THOMAS'S STREET HE ENTERED IT HERE AND THERE WERE HIGH CARVED GABLES AND SHOP FRONTS HE SET TO KNOCKING AT THE DOORS AGAIN,But we imagine that she was too young and in spirit you did get a heart of juice. That's what he's doing. He's doing it. He's doing her father's head blown.,1.0,33,33,But we imagine that she was too young and in spirit you did get a heart of juice. That's what he's doing. He's doing it. He's doing her father's head blown.,1.0,33,33
37,4,"1,2,3,4",mic_fileid_37_doa51_3spk_1.wav|mic_fileid_37_doa51_3spk_2.wav|mic_fileid_37_doa51_3spk_3.wav|mic_fileid_37_doa51_3spk_4.wav,624.0,640.0,16.0,104,text_fileid_37_doa104_spk1.txt,mean_all_channels,AND THERE WAS MUCH COMMENT ON THIS EVIDENCE OF A DECLINING INDUSTRY IT WAS NOT AT ONCE RECOGNIZED THAT THERE WAS EMBODIED IN HORSE FLESH MORE HORSE POWER THAN EVER BEFORE,"And there is much comment on this if you find it in the shop, it was not once recognized. The player was embodied in horse flesh, more horsepower than ever before.",0.41935483870967744,13,31,"And there is much comment on this if you find it in the shop, it was not once recognized. The player was embodied in horse flesh, more horsepower than ever before.",0.41935483870967744,13,31
38,5,"1,2,3,4,5",mic_fileid_38_doa1_3spk_1.wav|mic_fileid_38_doa1_3spk_2.wav|mic_fileid_38_doa1_3spk_3.wav|mic_fileid_38_doa1_3spk_4.wav|mic_fileid_38_doa1_3spk_5.wav,640.0,660.0,20.0,1,text_fileid_38_doa1_spk1.txt,mean_all_channels,ONCE UPON A TIME THERE WAS AN OLD WIDOW WOMAN WHO HAD THREE SONS THE FIRST TWO WERE CLEVER ENOUGH BUT THE THIRD BOBO BY NAME WAS LITTLE BETTER THAN A SILLY SIMPLETON ALL HIS MOTHER'S SCOLDINGS AND BEATINGS,"[SIDE CON VERSATION First, we were glad to have you. [INAUDIBLE] >> He took note of the school and the students. - We're very committed to this for social life. -",0.9743589743589743,38,39,He took note of the school and the students. - We're very committed to this for social life. -,0.9487179487179487,37,39
39,5,"1,2,3,4,5",mic_fileid_39_doa156_3spk_1.wav|mic_fileid_39_doa156_3spk_2.wav|mic_fileid_39_doa156_3spk_3.wav|mic_fileid_39_doa156_3spk_4.wav|mic_fileid_39_doa156_3spk_5.wav,660.0,680.0,20.0,250,text_fileid_39_doa250_spk1.txt,mean_all_channels,BUT HE MADE HIS WAY DOWN TO THE FORD UNDER THE PALACE WALLS AND STEPPED INTO THE FLOODED WATER INCH BY INCH AND FOOT BY FOOT HE FOUGHT HIS WAY ACROSS NOW NEARLY SWEPT OFF HIS FEET BY SOME SUDDEN SWIRL OR EDDY NOW NARROWLY ESCAPING,"But he made his way down to the floor and he fell as well as he stepped into the flooded water inch by inch and foot by foot he falls his way across now nearly swept off his feet I saw him sweating, swirling, and now narrowly escaping. (laughs)",0.34782608695652173,16,46,"But he made his way down to the floor and he fell as well as he stepped into the flooded water inch by inch and foot by foot he falls his way across now nearly swept off his feet I saw him sweating, swirling, and now narrowly escaping. (laughs)",0.34782608695652173,16,46
40,4,"1,2,3,4",mic_fileid_40_doa14_3spk_1.wav|mic_fileid_40_doa14_3spk_2.wav|mic_fileid_40_doa14_3spk_3.wav|mic_fileid_40_doa14_3spk_4.wav,680.0,696.0,16.0,14,text_fileid_40_doa14_spk1.txt,mean_all_channels,WE ADVANCED TALKING IN THAT FASHION AND IN HIGH SPIRITS AND CONGRATULATING OURSELVES IN BEING SHUT OF THE TRANSPORT AND ON BREATHING FINE MOUNTAIN AIR AGAIN,We advanced talking in their fashion and in high spirits and congrat ulating ourselves on the shut-up of the transporter and on breathing a fine mountain air again. May the Lord,0.4230769230769231,11,26,We advanced talking in their fashion and in high spirits and congrat ulating ourselves on the shut-up of the transporter and on breathing a fine mountain air again. May the Lord,0.4230769230769231,11,26
41,4,"1,2,3,4",mic_fileid_41_doa86_3spk_1.wav|mic_fileid_41_doa86_3spk_2.wav|mic_fileid_41_doa86_3spk_3.wav|mic_fileid_41_doa86_3spk_4.wav,696.0,712.0,16.0,116,text_fileid_41_doa116_spk1.txt,mean_all_channels,WE TOOK ROOMS AT A HOTEL IN MEDWORTH QUARLES EXPLAINING THAT OUR INVESTIGATIONS MIGHT TAKE SOME DAYS NEXT MORNING INSTEAD OF GOING TO WITHAN AS I HAD EXPECTED HE TOOK ME TO THE POLICE COURT,have mercy [inaudible] [inaudible] The president will be pleased to see the victory. Thank,0.9428571428571428,33,35,have mercy The president will be pleased to see the victory. Thank,0.9428571428571428,33,35
42,5,"1,2,3,4,5",mic_fileid_42_doa76_3spk_1.wav|mic_fileid_42_doa76_3spk_2.wav|mic_fileid_42_doa76_3spk_3.wav|mic_fileid_42_doa76_3spk_4.wav|mic_fileid_42_doa76_3spk_5.wav,712.0,732.0,20.0,76,text_fileid_42_doa76_spk1.txt,mean_all_channels,HOW CAN EARTHLY WORDS DESCRIBE IT IT TOWERED TEN FEET AT THE SHOULDER HAD FOUR LEGS ON EITHER SIDE A BROAD FLAT TAIL LARGER AT THE TIP THAN AT THE ROOT AND WHICH IT HELD,you. How can person who is just right. It 's how she did the shoulder. of the Black Tail. And lark had the chance to scoot you back.,0.8571428571428571,30,35,you. How can person who is just right. It's how she did the shoulder. of the Black Tail. And lark had the chance to scoot you back.,0.8571428571428571,30,35
43,4,"1,2,3,4",mic_fileid_43_doa44_3spk_1.wav|mic_fileid_43_doa44_3spk_2.wav|mic_fileid_43_doa44_3spk_3.wav|mic_fileid_43_doa44_3spk_4.wav,732.0,748.0,16.0,273,text_fileid_43_doa273_spk1.txt,mean_all_channels,ODETTE ODETTE HE WHISPERED DON'T YOU REALISE THAT I LOVE YOU AND WOULD GIVE MY LIFE TO SAVE YOU FROM UNHAPPINESS WON'T YOU TELL ME EVERYTHING PLEASE NO NO NO SHE MURMURED WITH A LITTLE CATCH IN HER VOICE PLEASE DON'T ASK ME,"""Odeck, Odeck"" he whisper ed. ""Don't you realize that I love you and would give my life to save you from un happiness. Everything please. No , no, no, she remember the little catch in her voice. Please don't ask me .",0.3023255813953488,13,43,"""Odeck, Odeck""he whisper ed.""Don't you realize that I love you and would give my life to save you from un happiness. Everything please. No, no, no, she remember the little catch in her voice. Please don't ask me.",0.32558139534883723,14,43
44,5,"1,2,3,4,5",mic_fileid_44_doa184_3spk_1.wav|mic_fileid_44_doa184_3spk_2.wav|mic_fileid_44_doa184_3spk_3.wav|mic_fileid_44_doa184_3spk_4.wav|mic_fileid_44_doa184_3spk_5.wav,748.0,768.0,20.0,215,text_fileid_44_doa215_spk1.txt,mean_all_channels,I TOO HAVE HAD MY DREAM I TOO HAVE MEDITATED I TOO HAVE SIGHED I TOO HAVE HAD A MOONLIGHT SOUL LOVE IS A CHILD SIX THOUSAND YEARS OLD LOVE HAS THE RIGHT TO A LONG WHITE BEARD,"I too have had my three -star and I too have had my three-star and I too have had my three-star . I too have had the only son of Bill Tamarck . I love the good child. I'm 6,000 years old . Love has the right to a long white beard. Family expenses.",0.6052631578947368,23,38,"I too have had my three -star and I too have had my three-star and I too have had my three-star. I too have had the only son of Bill Tamarck. I love the good child. I'm 6,000 years old. Love has the right to a long white beard. Family expenses.",0.6052631578947368,23,38
45,4,"1,2,3,4",mic_fileid_45_doa62_3spk_1.wav|mic_fileid_45_doa62_3spk_2.wav|mic_fileid_45_doa62_3spk_3.wav|mic_fileid_45_doa62_3spk_4.wav,768.0,784.0,16.0,278,text_fileid_45_doa278_spk1.txt,mean_all_channels,ONE LADY HAD A FRIGHT FOR THE WIND BLEW THE END OF HER SHAWL WITHIN REACH OF A TIGER'S GREAT CLAW AND HE CLUTCHED IT TRYING TO DRAG HER NEARER THE SHAWL CAME OFF AND THE POOR LADY RAN AWAY SCREAMING,One right-wing look at the right . and he clutch ed it. I'm glad there's no more. I'm a friend of your friend. I,0.9024390243902439,37,41,One right-wing look at the right. and he clutch ed it. I'm glad there's no more. I'm a friend of your friend. I,0.9024390243902439,37,41
46,4,"1,2,3,4",mic_fileid_46_doa151_3spk_1.wav|mic_fileid_46_doa151_3spk_2.wav|mic_fileid_46_doa151_3spk_3.wav|mic_fileid_46_doa151_3spk_4.wav,784.0,800.0,16.0,189,text_fileid_46_doa189_spk1.txt,mean_all_channels,YOU'LL SEE THE ENGLISHEST LOOKING ENGLISHMAN YOU EVER SAT EYES ON OUTSIDE THE PAGES OF PUNCH TRYING TO TEAR MY OLD FASHIONED DOORBELL OUT BY THE ROOTS THAT'S YOUR BEST MAKE UP IS IT REMSEN,"don't see the English as the book in English when he ever set eyes on outside the pages of puns . You intend to take the blame? That's your best leg , Andy Coulson. It is the same thing.",0.8,28,35,"don't see the English as the book in English when he ever set eyes on outside the pages of puns. You intend to take the blame? That's your best leg, Andy Coulson. It is the same thing.",0.8,28,35
47,4,"1,2,3,4",mic_fileid_47_doa63_3spk_1.wav|mic_fileid_47_doa63_3spk_2.wav|mic_fileid_47_doa63_3spk_3.wav|mic_fileid_47_doa63_3spk_4.wav,800.0,816.0,16.0,104,text_fileid_47_doa104_spk1.txt,mean_all_channels,AT FIRST UNDER DIFFERENT ANIMAL SHAPES SINCE THAT TIME PARTLY FROM HABIT AND PARTLY TO AMUSE OURSELVES WE HAVE CONTINUED TO TRANSFORM OURSELVES AND IT WAS IN THIS WAY THAT I GOT TO KNOW YOU HOW EXCLAIMED JEGU FILLED WITH ASTONISHMENT,"First, under different animal shapes. Since that time, probably since Hab itat and Pertone to amuse ourselves, we continue to transform ourselves. And it was in this way that I got to know you . How, it's like Jacob Fiddle was a stonement. Next, the ballast tanks .",0.4634146341463415,19,41,"First, under different animal shapes. Since that time, probably since Hab itat and Pertone to amuse ourselves, we continue to transform ourselves. And it was in this way that I got to know you. How, it's like Jacob Fiddle was a stonement. Next, the ballast tanks.",0.4634146341463415,19,41
48,5,"1,2,3,4,5",mic_fileid_48_doa191_3spk_1.wav|mic_fileid_48_doa191_3spk_2.wav|mic_fileid_48_doa191_3spk_3.wav|mic_fileid_48_doa191_3spk_4.wav|mic_fileid_48_doa191_3spk_5.wav,816.0,836.0,20.0,227,text_fileid_48_doa227_spk1.txt,mean_all_channels,APPLIED TO HER WORK BUT AFTER A FEW MINUTES SUNK AGAIN WITHOUT KNOWING IT HERSELF INTO LANGUOR AND LISTLESSNESS MOVING HERSELF IN HER CHAIR FROM THE IRRITATION OF WEARINESS MUCH OFTENER THAN SHE MOVED HER NEEDLE,"Why do you know what I do? I'm not a human. I'm not a human. I'm not a human. I'm not a human moving ourselves and our chair, and our ear, and our question of awareness , much oftener than she moved her needle. [BLANK _AUDIO]",0.9444444444444444,34,36,"Why do you know what I do? I'm not a human. I'm not a human. I'm not a human. I'm not a human moving ourselves and our chair, and our ear, and our question of awareness, much oftener than she moved her needle.",0.8888888888888888,32,36
49,4,"1,2,3,4",mic_fileid_49_doa63_3spk_1.wav|mic_fileid_49_doa63_3spk_2.wav|mic_fileid_49_doa63_3spk_3.wav|mic_fileid_49_doa63_3spk_4.wav,836.0,852.0,16.0,63,text_fileid_49_doa63_spk1.txt,mean_all_channels,BY WHICH SOCIAL WANTS MUST BE SATISFIED THE PEOPLE DO NOT VOTE IT THE LEGISLATOR DOES NOT EXPRESS IT THE SAVANT DISCOVERS AND FORMULATES IT BUT IN FACT THE LAW,">> Social wants must be satisfied. Perhaps the people do not know which let life force us into the world . But in fact, the law is to",0.6,18,30,"Social wants must be satisfied. Perhaps the people do not know which let life force us into the world. But in fact, the law is to",0.6,18,30
