fileid,chunk_index,mic_file,duration_sec,input_channels,input_audio_mode,audio_start_sec,audio_end_sec,gt_dominant_spk1_doa,stream_paced_send_sec,chunk_audio_sec,stream_audio_end_sec,pipeline_wall_sec,pipeline_lag_sec,realtime_tolerance_sec,realtime_ok,cumulative_rtf,stream_paced_send_rtf,received_during_send_count,received_during_send_text,timestamp_assigned_count,timestamp_assigned_text,previous_chunk_transcript_text,timestamp_assigned_start_sec,timestamp_assigned_end_sec
0,1,mic_fileid_0_doa73_3spk_1.wav,4.0,4,mean_all_channels,0.0,4.0,73,3.9663682829996105,4.0,4.0,4.000110576000225,0.0001105760002246825,0.5,1,1.0000276440000562,0.9915920707499026,0,,1,"But you know it's a rivalry, life is extinct",,0.22,2.24
0,2,mic_fileid_0_doa73_3spk_2.wav,4.0,4,mean_all_channels,4.0,8.0,73,3.978264527000192,4.0,8.0,8.000101824000012,0.00010182400001212955,0.5,1,1.0000127280000015,0.994566131750048,0,,1,"is insane with grief, especially because the maid discovered","But you know it's a rivalry, life is extinct",4.08,7.52
0,3,mic_fileid_0_doa73_3spk_3.wav,4.0,4,mean_all_channels,8.0,12.0,73,3.9761356809999597,4.0,12.0,12.001777148000201,0.001777148000201123,0.5,1,1.0001480956666835,0.9940339202499899,3,"But you know it's a rivalry, life is extinct is insane with grief, especially because the maid discovered That's her relationship with Linda's",2,That's her relationship with Linda's letter to some man she calls,"is insane with grief, especially because the maid discovered",8.491999999999999,11.572
0,4,mic_fileid_0_doa73_3spk_4.wav,4.0,4,mean_all_channels,12.0,16.0,73,3.9792533749996437,4.0,16.0,16.000893952000297,0.0008939520002968493,0.5,1,1.0000558720000186,0.9948133437499109,2,"letter to some man she calls Dick, telling him that she",2,"Dick, telling him that she loved him. What did he say?",That's her relationship with Linda's letter to some man she calls,12.02,15.52
1,1,mic_fileid_1_doa82_3spk_1.wav,4.0,4,mean_all_channels,16.0,20.0,187,3.9808371330000227,4.0,20.0,20.00042576700025,0.00042576700025165337,0.5,1,1.0000212883500126,0.9952092832500057,2,loved him. What did he say? He's the,2,He's the first to fight a wave so happily.,,16.24,19.18
1,2,mic_fileid_1_doa82_3spk_2.wav,4.0,4,mean_all_channels,20.0,24.0,187,3.9838649939997595,4.0,24.0,24.00013387099989,0.00013387099988904083,0.5,1,1.0000055779583288,0.9959662484999399,2,first to fight a wave so happily. It's something was promised,2,It's something was promised for effectual security.,He's the first to fight a wave so happily.,19.181,23.58
1,3,mic_fileid_1_doa82_3spk_3.wav,4.0,4,mean_all_channels,24.0,28.0,187,3.9869653540004037,4.0,28.0,28.000100439000107,0.00010043900010714424,0.5,1,1.0000035871071467,0.9967413385001009,2,"for effectual security. >> But it gets this, Mr. Contreras. >> The choice of",2,">> But it gets this, Mr. Contreras. >> The choice of several to form an intermediate",It's something was promised for effectual security.,23.581,27.619999999999997
1,4,mic_fileid_1_doa82_3spk_4.wav,4.0,4,mean_all_channels,28.0,32.0,187,3.983223898000233,4.0,32.0,32.00013508400025,0.000135084000248753,0.5,1,1.0000042213750078,0.9958059745000583,2,several to form an intermediate body of electors.,1,body of electors.,">> But it gets this, Mr. Contreras. >> The choice of several to form an intermediate",28.18,29.419999999999998
2,1,mic_fileid_2_doa36_3spk_1.wav,4.0,4,mean_all_channels,32.0,36.0,36,3.9815182400002413,4.0,36.0,36.000151538999944,0.0001515389999440231,0.5,1,1.000004209416665,0.9953795600000603,1,Or watching for transbole,2,Or watching for transbole . Her life was quiet,,32.18,35.699999999999996
2,2,mic_fileid_2_doa36_3spk_2.wav,4.0,4,mean_all_channels,36.0,40.0,36,3.9792810300000383,4.0,40.0,40.00015281900005,0.00015281900004993076,0.5,1,1.0000038204750012,0.9948202575000096,2,". Her life was quiet in the mountains, although hard-working",2,"in the mountains, although hard-working , and while her hands mechanically",Or watching for transbole . Her life was quiet,36.04,39.86
2,3,mic_fileid_2_doa36_3spk_3.wav,4.0,4,mean_all_channels,40.0,44.0,36,3.98180187700018,4.0,44.0,44.002176497000164,0.0021764970001640904,0.5,1,1.000049465840913,0.995450469250045,2,", and while her hands mechanically found and did their accustomed labor.",2,found and did their accustomed labor. The thoughts that rose in her head,"in the mountains, although hard-working , and while her hands mechanically",40.08,43.699999999999996
2,4,mic_fileid_2_doa36_3spk_4.wav,4.0,4,mean_all_channels,44.0,48.0,36,3.9785074729998087,4.0,48.0,48.00107766200017,0.001077662000170676,0.5,1,1.0000224512916702,0.9946268682499522,2,The thoughts that rose in her head from recent years on Charlie Crannell,2,"from recent years on Charlie Crannell , his ways, his",found and did their accustomed labor. The thoughts that rose in her head,43.92,47.739999999999995
2,5,mic_fileid_2_doa36_3spk_5.wav,4.0,4,mean_all_channels,48.0,52.0,36,3.98066709800014,4.0,52.0,52.00044258700018,0.0004425870001796284,0.5,1,1.000008511288465,0.995166774500035,2,", his ways, his words.",1,words.,"from recent years on Charlie Crannell , his ways, his",47.9,48.519999999999996
3,1,mic_fileid_3_doa39_3spk_1.wav,4.0,4,mean_all_channels,52.0,56.0,39,3.9783561129997906,4.0,56.0,56.00013402700006,0.00013402700005826773,0.5,1,1.0000023933392868,0.9945890282499477,1,Which takes over the traditional studio,2,Which takes over the traditional studio consciousness type of thing.,,52.26,55.66
3,2,mic_fileid_3_doa39_3spk_2.wav,4.0,4,mean_all_channels,56.0,60.0,39,3.9791857150003125,4.0,60.0,60.00015727900018,0.0001572790001773683,0.5,1,1.0000026213166697,0.9947964287500781,2,consciousness type of thing. It is implied that the process may,2,It is implied that the process may be out of this.,Which takes over the traditional studio consciousness type of thing.,56.18,58.66
3,3,mic_fileid_3_doa39_3spk_3.wav,4.0,4,mean_all_channels,60.0,64.0,39,3.978169165000054,4.0,64.0,64.00014881400011,0.0001488140001129068,0.5,1,1.0000023252187518,0.9945422912500135,2,be out of this. I'm,2,I'm not sure if,It is implied that the process may be out of this.,60.72,63.6
3,4,mic_fileid_3_doa39_3spk_4.wav,4.0,4,mean_all_channels,64.0,68.0,39,3.9805211530001543,4.0,68.0,68.00016672900028,0.0001667290002842492,0.5,1,1.000002451897063,0.9951302882500386,2,not sure if it's a suicide or a suicide.,1,it's a suicide or a suicide.,I'm not sure if,63.601,64.72
4,1,mic_fileid_4_doa26_3spk_1.wav,4.0,4,mean_all_channels,68.0,72.0,26,3.9817963469999995,4.0,72.0,72.00017048400014,0.00017048400013663922,0.5,1,1.0000023678333352,0.9954490867499999,1,The publication is,2,The publication is made at all should be affected as soon,,68.64,71.86
4,2,mic_fileid_4_doa26_3spk_2.wav,4.0,4,mean_all_channels,72.0,76.0,26,3.980518421999932,4.0,76.0,76.0020781940002,0.002078194000205258,0.5,1,1.0000273446578973,0.995129605499983,2,made at all should be affected as soon as possible after my death,2,as possible after my death . My father died on the,The publication is made at all should be affected as soon,72.26,75.86
4,3,mic_fileid_4_doa26_3spk_3.wav,4.0,4,mean_all_channels,76.0,80.0,26,3.9557382080001844,4.0,80.0,80.00105198300025,0.0010519830002522212,0.5,1,1.000013149787503,0.9889345520000461,2,. My father died on the 6th of December 1882,2,"6th of December 1882 , singular.",as possible after my death . My father died on the,76.12,78.98
4,4,mic_fileid_4_doa26_3spk_4.wav,4.0,4,mean_all_channels,80.0,84.0,26,3.978250883000328,4.0,84.0,84.00029498999993,0.0002949899999293848,0.5,1,1.0000035117857133,0.994562720750082,2,", singular. It will be seen therefore",2,It will be seen therefore .,"6th of December 1882 , singular.",80.0,81.34100000000001
5,1,mic_fileid_5_doa60_3spk_1.wav,4.0,4,mean_all_channels,84.0,88.0,338,3.9811805299996195,4.0,88.0,88.00016889900007,0.0001688990000729973,0.5,1,1.000001919306819,0.9952951324999049,2,. >> [INAUDIBLE,2,>> [INAUDIBLE ],,84.52000000000001,86.001
5,2,mic_fileid_5_doa60_3spk_2.wav,4.0,4,mean_all_channels,88.0,92.0,338,3.9805474039999353,4.0,92.0,92.00014352400012,0.00014352400012285216,0.5,1,1.0000015600434795,0.9951368509999838,2,"] When one has the honor of being an expert as master is, one",3,"When one has the honor of being an expert as master is, one must let himself open to .",>> [INAUDIBLE ],86.98,91.38100000000001
5,3,mic_fileid_5_doa60_3spk_3.wav,4.0,4,mean_all_channels,92.0,96.0,338,3.958703339999829,4.0,96.0,96.00013376600009,0.0001337660000899632,0.5,1,1.0000013933958343,0.9896758349999573,2,must let himself open to .,1,And then the,"When one has the honor of being an expert as master is, one must let himself open to .",95.02000000000001,95.42
5,4,mic_fileid_5_doa60_3spk_4.wav,4.0,4,mean_all_channels,96.0,100.0,338,3.981313015000069,4.0,100.0,100.00011653199999,0.00011653199999273056,0.5,1,1.0000011653199998,0.9953282537500172,2,And then the midst of the general silence of voice came audible,2,midst of the general silence of voice came audible .,And then the,95.68,98.12100000000001
6,1,mic_fileid_6_doa30_3spk_1.wav,4.0,4,mean_all_channels,100.0,104.0,140,3.980822492000243,4.0,104.0,104.00012279400016,0.00012279400016268482,0.5,1,1.00000118071154,0.9952056230000608,1,.,1,He built a house and under his boss he bought a code.,,100.48,103.76
6,2,mic_fileid_6_doa30_3spk_2.wav,4.0,4,mean_all_channels,104.0,108.0,140,3.9843155869998554,4.0,108.0,108.00204152800006,0.0020415280000634084,0.5,1,1.0000189030370377,0.9960788967499639,2,He built a house and under his boss he bought a code. He needs to turn to literature,2,He needs to turn to literature and to materials.,He built a house and under his boss he bought a code.,104.68,107.72
6,3,mic_fileid_6_doa30_3spk_3.wav,4.0,4,mean_all_channels,108.0,112.0,140,3.980101348000062,4.0,112.0,112.00102292500014,0.0010229250001430046,0.5,1,1.0000091332589298,0.9950253370000155,2,and to materials. There were certain names which are often pronounced,2,There were certain names which are often pronounced to support whatever things that might,He needs to turn to literature and to materials.,108.24000000000001,111.86
6,4,mic_fileid_6_doa30_3spk_4.wav,4.0,4,mean_all_channels,112.0,116.0,140,3.9806797989999723,4.0,116.0,116.00038168800029,0.00038168800028870464,0.5,1,1.0000032904137957,0.9951699497499931,2,to support whatever things that might be seen. Voltaire,2,be seen. Voltaire .,There were certain names which are often pronounced to support whatever things that might,112.02000000000001,115.001
7,1,mic_fileid_7_doa57_3spk_1.wav,4.0,4,mean_all_channels,116.0,120.0,57,3.9822383069999887,4.0,120.0,120.00012828700028,0.00012828700027966988,0.5,1,1.0000010690583356,0.9955595767499972,1,.,1,[inaudible],,116.60000000000001,119.58000000000001
7,2,mic_fileid_7_doa57_3spk_2.wav,4.0,4,mean_all_channels,120.0,124.0,57,3.9812636740002745,4.0,124.0,124.00016017100006,0.00016017100006138207,0.5,1,1.0000012917016134,0.9953159185000686,2,[inaudible] [,2,[ Indistinct chatter,[inaudible],121.32000000000001,123.86
7,3,mic_fileid_7_doa57_3spk_3.wav,4.0,4,mean_all_channels,124.0,128.0,57,3.979378257999997,4.0,128.0,128.00015346400005,0.0001534640000500076,0.5,1,1.0000011989375004,0.9948445644999993,2,Indistinct chatter .,2,. Keep your arm out with,[ Indistinct chatter,125.44000000000001,125.44300000000003
8,1,mic_fileid_8_doa80_3spk_1.wav,4.0,4,mean_all_channels,128.0,132.0,333,3.9799936250001338,4.0,132.0,132.0001587490001,0.00015874900009293924,0.5,1,1.00000120264394,0.9949984062500334,1,Keep your arm out with,1,"I wanted to learn the game. At two o'clock, the captain",,128.58,131.66
8,2,mic_fileid_8_doa80_3spk_2.wav,4.0,4,mean_all_channels,132.0,136.0,333,3.9786730380001245,4.0,136.0,136.00014671600002,0.0001467160000174772,0.5,1,1.0000010787941178,0.9946682595000311,2,"I wanted to learn the game. At two o'clock, the captain asked the mate how to work his teeth on.",2,"asked the mate how to work his teeth on. Oh, pre-glinged term","I wanted to learn the game. At two o'clock, the captain",131.96,135.78
8,3,mic_fileid_8_doa80_3spk_3.wav,4.0,4,mean_all_channels,136.0,140.0,333,3.983097748000091,4.0,140.0,140.0020485250002,0.002048525000191148,0.5,1,1.0000146323214298,0.9957744370000228,2,"Oh, pre-glinged term , by the name of ""Chicken Scar",2,", by the name of ""Chicken Scar cey"" tell what headway we are making, for","asked the mate how to work his teeth on. Oh, pre-glinged term",136.14000000000001,139.8
8,4,mic_fileid_8_doa80_3spk_4.wav,4.0,4,mean_all_channels,140.0,144.0,333,3.979174642000089,4.0,144.0,144.001038031,0.0010380310000073223,0.5,1,1.0000072085486111,0.9947936605000223,2,"cey"" tell what headway we are making, for we are alive to keep the middle of the river,",2,"we are alive to keep the middle of the river, and there is the shadow of a fall rising",", by the name of ""Chicken Scar cey"" tell what headway we are making, for",140.02,143.46
8,5,mic_fileid_8_doa80_3spk_5.wav,4.0,4,mean_all_channels,144.0,148.0,333,3.9796946080000453,4.0,148.0,148.00044690799996,0.0004469079999580572,0.5,1,1.0000030196486485,0.9949236520000113,2,and there is the shadow of a fall rising .,2,. The,"we are alive to keep the middle of the river, and there is the shadow of a fall rising",144.12,147.341
9,1,mic_fileid_9_doa85_3spk_1.wav,4.0,4,mean_all_channels,148.0,152.0,314,3.9805485700003373,4.0,152.0,152.0001205409999,0.00012054099988745293,0.5,1,1.000000793032894,0.9951371425000843,2,The Dutch has no sign of the Netherlands.,2,Dutch has no sign of the Netherlands. So you invited to invite us to the Netherlands,,148.4,151.68
9,2,mic_fileid_9_doa85_3spk_2.wav,4.0,4,mean_all_channels,152.0,156.0,314,3.981788298999618,4.0,156.0,156.00012474300001,0.00012474300001485972,0.5,1,1.0000007996346154,0.9954470747499045,2,So you invited to invite us to the Netherlands ?,2,? Yes.,Dutch has no sign of the Netherlands. So you invited to invite us to the Netherlands,152.06,155.38
9,3,mic_fileid_9_doa85_3spk_3.wav,4.0,4,mean_all_channels,156.0,160.0,314,3.980025326000032,4.0,160.0,160.00015086300027,0.00015086300027178368,0.5,1,1.0000009428937517,0.995006331500008,2,"Yes. Tell me. It was a strange way out of that. Well, I",2,"Tell me. It was a strange way out of that. Well, I killed my people.",? Yes.,155.381,159.1
9,4,mic_fileid_9_doa85_3spk_4.wav,4.0,4,mean_all_channels,160.0,164.0,314,3.9821530670001266,4.0,164.0,164.00015192599994,0.0001519259999440692,0.5,1,1.0000009263780485,0.9955382667500317,2,killed my people. The she was beside herself with a moment of fear and thought,2,The she was beside herself with a moment of fear and thought .,"Tell me. It was a strange way out of that. Well, I killed my people.",159.24,161.881
10,1,mic_fileid_10_doa3_3spk_1.wav,4.0,4,mean_all_channels,164.0,168.0,3,3.976306353000382,4.0,168.0,168.00013289800017,0.00013289800017446396,0.5,1,1.0000007910595248,0.9940765882500955,2,. Here he saw clients with Mr,2,"Here he saw clients with Mr . Carlile's house, where he lived, and",,164.6,167.86
10,2,mic_fileid_10_doa3_3spk_2.wav,4.0,4,mean_all_channels,168.0,172.0,3,3.983113294999839,4.0,172.0,172.0001419160003,0.00014191600030244444,0.5,1,1.000000825093025,0.9957783237499598,2,". Carlile's house, where he lived, and here he issued private orders.",2,"here he issued private orders. It's a little window, not larger","Here he saw clients with Mr . Carlile's house, where he lived, and",168.0,171.78
10,3,mic_fileid_10_doa3_3spk_3.wav,4.0,4,mean_all_channels,172.0,176.0,3,3.9838553800000227,4.0,176.0,176.00124795500005,0.00124795500005348,0.5,1,1.0000070906534093,0.9959638450000057,2,"It's a little window, not larger than a pane of glass. Looked out for",2,than a pane of glass. Looked out for a place on this. They call it Old,"here he issued private orders. It's a little window, not larger",172.1,175.70000000000002
10,4,mic_fileid_10_doa3_3spk_4.wav,4.0,4,mean_all_channels,176.0,180.0,3,3.9794223979997696,4.0,180.0,180.0005663930001,0.0005663930000991968,0.5,1,1.0000031466277783,0.9948555994999424,2,a place on this. They call it Old Dills People and wished it anywhere,2,Dills People and wished it anywhere else.,than a pane of glass. Looked out for a place on this. They call it Old,176.20000000000002,178.68
11,1,mic_fileid_11_doa93_3spk_1.wav,4.0,4,mean_all_channels,180.0,184.0,264,3.979709461999846,4.0,184.0,184.00012964300004,0.00012964300003659446,0.5,1,1.000000704581522,0.9949273654999615,2,else. Seed's rep.,2,Seed's rep. on the home space is through and when he delivers to the cell,,180.44,183.70000000000002
11,2,mic_fileid_11_doa93_3spk_2.wav,4.0,4,mean_all_channels,184.0,188.0,264,3.9793827850003254,4.0,188.0,188.00012087200002,0.00012087200002497411,0.5,1,1.0000006429361703,0.9948456962500813,2,"on the home space is through and when he delivers to the cell phone again, it will be working single-handedly",2,"phone again, it will be working single-handedly .",Seed's rep. on the home space is through and when he delivers to the cell,183.92000000000002,186.441
11,3,mic_fileid_11_doa93_3spk_3.wav,4.0,4,mean_all_channels,188.0,192.0,264,3.981334163000156,4.0,192.0,192.00012981300006,0.00012981300005776575,0.5,1,1.0000006761093754,0.995333540750039,2,. It,2,It 's a swan-y pipe. It's like my own stone road,"phone again, it will be working single-handedly .",189.46,191.82
11,4,mic_fileid_11_doa93_3spk_4.wav,4.0,4,mean_all_channels,192.0,196.0,264,3.980856102999951,4.0,196.0,196.0002055770001,0.000205577000087942,0.5,1,1.0000010488622453,0.9952140257499877,2,'s a swan-y pipe. It's like my own stone road .,2,. Thank you.,It 's a swan-y pipe. It's like my own stone road,192.20000000000002,193.12
12,1,mic_fileid_12_doa38_3spk_1.wav,4.0,4,mean_all_channels,196.0,200.0,38,3.9805486599998403,4.0,200.0,200.00012897100032,0.00012897100032205344,0.5,1,1.0000006448550016,0.9951371649999601,2,Thank you. Thank,2,Thank >> [INAUDIBLE],,196.96,201.20000000000002
12,2,mic_fileid_12_doa38_3spk_2.wav,4.0,4,mean_all_channels,200.0,204.0,38,3.981767039999795,4.0,204.0,204.00015493499996,0.00015493499995500315,0.5,1,1.000000759485294,0.9954417599999488,1,>> [INAUDIBLE],1,">> Mrs. Anderson, you are not",Thank >> [INAUDIBLE],201.8,203.72
12,3,mic_fileid_12_doa38_3spk_3.wav,4.0,4,mean_all_channels,204.0,208.0,38,3.9809438360002787,4.0,208.0,208.00118711699997,0.0011871169999722042,0.5,1,1.000005707293269,0.9952359590000697,2,">> Mrs. Anderson, you are not a young, they want a rest.",3,"a young, they want a rest. They want to be able to make it.",">> Mrs. Anderson, you are not",204.0,207.46
12,4,mic_fileid_12_doa38_3spk_4.wav,4.0,4,mean_all_channels,208.0,212.0,38,3.9786186510000334,4.0,212.0,212.0005107310003,0.0005107310003040766,0.5,1,1.000002409108492,0.9946546627500084,2,They want to be able to make it.,1,her way to the dorms,"a young, they want a rest. They want to be able to make it.",210.4,211.56
12,5,mic_fileid_12_doa38_3spk_5.wav,4.0,4,mean_all_channels,212.0,216.0,38,3.9804589279997344,4.0,216.0,216.00012867000032,0.00012867000032201759,0.5,1,1.000000595694446,0.9951147319999336,1,her way to the dorms,1,.,her way to the dorms,215.0,215.001
13,1,mic_fileid_13_doa5_3spk_1.wav,4.0,4,mean_all_channels,216.0,220.0,5,3.9792696360000264,4.0,220.0,220.00014400999999,0.0001440099999854283,0.5,1,1.000000654590909,0.9948174090000066,2,. >> [INAUDIBLE],2,>> [INAUDIBLE] [inaudible,,217.16,221.56
13,2,mic_fileid_13_doa5_3spk_2.wav,4.0,4,mean_all_channels,220.0,224.0,5,3.978293227999984,4.0,224.0,224.00013457500017,0.00013457500017466373,0.5,1,1.0000006007812507,0.994573306999996,1,[inaudible,1,],>> [INAUDIBLE] [inaudible,223.78,223.781
13,3,mic_fileid_13_doa5_3spk_3.wav,4.0,4,mean_all_channels,224.0,228.0,5,3.980242330999772,4.0,228.0,228.0001202399999,0.00012023999988741707,0.5,1,1.0000005273684205,0.995060582749943,2,] [,2,[ inaudible],],224.02,227.22
13,4,mic_fileid_13_doa5_3spk_4.wav,4.0,4,mean_all_channels,228.0,232.0,5,3.983808193999721,4.0,232.0,232.00011687999995,0.00011687999995046994,0.5,1,1.0000005037931032,0.9959520484999302,1,inaudible],1,Palestine this and if it fails it is turned back,[ inaudible],228.44,231.74
13,5,mic_fileid_13_doa5_3spk_5.wav,4.0,4,mean_all_channels,232.0,236.0,5,3.959822923000047,4.0,236.0,236.00017089199991,0.0001708919999146019,0.5,1,1.0000007241186437,0.9899557307500118,2,Palestine this and if it fails it is turned back .,1,.,Palestine this and if it fails it is turned back,232.06,232.061
14,1,mic_fileid_14_doa181_3spk_1.wav,4.0,4,mean_all_channels,236.0,240.0,181,3.97948667799983,4.0,240.0,240.0012170509999,0.001217050999912317,0.5,1,1.000005071045833,0.9948716694999575,1,This was a curious population.,2,This was a curious population. The two spend hours together sometimes,,236.28,239.76000000000002
14,2,mic_fileid_14_doa181_3spk_2.wav,4.0,4,mean_all_channels,240.0,244.0,181,3.978946750000432,4.0,244.0,244.00054932600005,0.0005493260000548617,0.5,1,1.0000022513360658,0.994736687500108,2,The two spend hours together sometimes to a tiny parlor. St,2,to a tiny parlor. St ompy boarder for little difficulties and,This was a curious population. The two spend hours together sometimes,240.36,243.68
14,3,mic_fileid_14_doa181_3spk_3.wav,4.0,4,mean_all_channels,244.0,248.0,181,3.980798959999902,4.0,248.0,248.00009513900022,9.51390002228436e-05,0.5,1,1.0000003836250009,0.9951997399999755,2,ompy boarder for little difficulties and now and then Watery 2 and Pro,2,"now and then Watery 2 and Pro , conversational input percent",to a tiny parlor. St ompy boarder for little difficulties and,243.92000000000002,247.34
14,4,mic_fileid_14_doa181_3spk_4.wav,4.0,4,mean_all_channels,248.0,252.0,181,3.984112329999789,4.0,252.0,252.00017812400029,0.0001781240002856066,0.5,1,1.000000706841271,0.9960280824999472,2,", conversational input percent to the optimal stitch and from the optimal",3,to the optimal stitch and from the optimal stitch to Dennis. [BLANK_AUDIO],"now and then Watery 2 and Pro , conversational input percent",247.92000000000002,252.52
14,5,mic_fileid_14_doa181_3spk_5.wav,4.0,4,mean_all_channels,252.0,256.0,181,3.9799588670002777,4.0,256.0,256.00015559400026,0.00015559400026177173,0.5,1,1.0000006077890635,0.9949897167500694,2,stitch to Dennis. [BLANK_AUDIO],0,,to the optimal stitch and from the optimal stitch to Dennis. [BLANK_AUDIO],,
15,1,mic_fileid_15_doa78_3spk_1.wav,4.0,4,mean_all_channels,256.0,260.0,266,3.980952347999846,4.0,260.0,260.0001223869999,0.00012238699991939939,0.5,1,1.0000004707192305,0.9952380869999615,1,When I'm sure he,2,When I'm sure he follows his favorite family's,,256.64,259.79999999999995
15,2,mic_fileid_15_doa78_3spk_2.wav,4.0,4,mean_all_channels,260.0,264.0,266,3.9771753320001153,4.0,264.0,264.00012474799996,0.00012474799996198271,0.5,1,1.0000004725303029,0.9942938330000288,2,follows his favorite family's own. And it was never known to,2,own. And it was never known to lose. Except when speech,When I'm sure he follows his favorite family's,259.96,263.67999999999995
15,3,mic_fileid_15_doa78_3spk_3.wav,4.0,4,mean_all_channels,264.0,268.0,266,3.9824103409996496,4.0,268.0,268.0001365590001,0.00013655900011144695,0.5,1,1.0000005095485078,0.9956025852499124,2,"lose. Except when speech and appearance, he was the counter-p",2,"and appearance, he was the counter-p uller, so he had these good hands, well",own. And it was never known to lose. Except when speech,263.97999999999996,267.56
15,4,mic_fileid_15_doa78_3spk_4.wav,4.0,4,mean_all_channels,268.0,272.0,266,3.9821905469998455,4.0,272.0,272.0012214000003,0.0012214000003041292,0.5,1,1.0000044904411776,0.9955476367499614,2,"uller, so he had these good hands, well cared for, household dog",2,"cared for, household dog .","and appearance, he was the counter-p uller, so he had these good hands, well",268.14,269.92099999999994
16,1,mic_fileid_16_doa36_3spk_1.wav,4.0,4,mean_all_channels,272.0,276.0,36,3.977756588000375,4.0,276.0,276.0005244920003,0.0005244920002951403,0.5,1,1.0000019003333345,0.9944391470000937,2,". One heard summer day, the",2,"One heard summer day, the fling was after Mary and Julia",,271.96,275.41999999999996
16,2,mic_fileid_16_doa36_3spk_2.wav,4.0,4,mean_all_channels,276.0,280.0,36,3.978149298000062,4.0,280.0,280.0001412780002,0.0001412780002283398,0.5,1,1.0000005045642866,0.9945373245000155,2,fling was after Mary and Julia returning to the council in St,2,"returning to the council in St . Croix, not to spend a very active exercise","One heard summer day, the fling was after Mary and Julia",276.58,279.84
16,3,mic_fileid_16_doa36_3spk_3.wav,4.0,4,mean_all_channels,280.0,284.0,36,3.978408821999892,4.0,284.0,284.0001461840002,0.00014618400018662214,0.5,1,1.000000514732395,0.994602205499973,2,". Croix, not to spend a very active exercise in the Holy Church",2,in the Holy Church .,"returning to the council in St . Croix, not to spend a very active exercise",280.91999999999996,282.16099999999994
16,4,mic_fileid_16_doa36_3spk_4.wav,4.0,4,mean_all_channels,284.0,288.0,36,3.9817848390002837,4.0,288.0,288.0001932170003,0.00019321700028740452,0.5,1,1.000000670892362,0.9954462097500709,2,. The End.,1,The End.,in the Holy Church .,284.7,285.41999999999996
17,1,mic_fileid_17_doa99_3spk_1.wav,4.0,4,mean_all_channels,288.0,292.0,99,3.979999158999817,4.0,292.0,292.00014882799996,0.0001488279999648512,0.5,1,1.0000005096849314,0.9949997897499543,1,Wasn't she later on engaged to a man,2,"Wasn't she later on engaged to a man who she really loved? Yes,",,288.28,291.78
17,2,mic_fileid_17_doa99_3spk_2.wav,4.0,4,mean_all_channels,292.0,296.0,99,3.981745367000258,4.0,296.0,296.0001294540002,0.00012945400021635578,0.5,1,1.0000004373445954,0.9954363417500645,2,"who she really loved? Yes, that was it. And during all the time she",2,that was it. And during all the time she kept up her old liaison with,"Wasn't she later on engaged to a man who she really loved? Yes,",291.9,295.06
17,3,mic_fileid_17_doa99_3spk_3.wav,4.0,4,mean_all_channels,296.0,300.0,99,3.979773583000224,4.0,300.0,300.0001376539999,0.000137653999900067,0.5,1,1.0000004588466664,0.994943395750056,2,"kept up her old liaison with the author of ""Wanted to Show That a Woman Can Love It",2,"the author of ""Wanted to Show That a Woman Can Love It Too Late May Only a One",that was it. And during all the time she kept up her old liaison with,295.96,299.71999999999997
17,4,mic_fileid_17_doa99_3spk_4.wav,4.0,4,mean_all_channels,300.0,304.0,99,3.9808806619998904,4.0,304.0,304.00144141300007,0.0014414130000659497,0.5,1,1.0000047414901319,0.9952201654999726,2,"Too Late May Only a One That's True, Not This Late Certainly",2,"That's True, Not This Late Certainly .","the author of ""Wanted to Show That a Woman Can Love It Too Late May Only a One",300.34,302.24099999999993
18,1,mic_fileid_18_doa181_3spk_1.wav,4.0,4,mean_all_channels,304.0,308.0,181,3.978112237000005,4.0,308.0,308.000698114,0.0006981139999879815,0.5,1,1.0000022666038961,0.9945280592500012,2,. And don't I hope that first picture,2,And don't I hope that first picture turned out good? It was a,,304.17999999999995,307.73999999999995
18,2,mic_fileid_18_doa181_3spk_2.wav,4.0,4,mean_all_channels,308.0,312.0,181,3.9788293710003018,4.0,312.0,312.000211389,0.0002113890000146057,0.5,1,1.0000006775288461,0.9947073427500754,2,"turned out good? It was a remarkable, better, and less humane to focus",2,"remarkable, better, and less humane to focus on.",And don't I hope that first picture turned out good? It was a,307.88,310.52
18,3,mic_fileid_18_doa181_3spk_3.wav,4.0,4,mean_all_channels,312.0,316.0,181,3.97991669799967,4.0,316.0,316.0001434830001,0.00014348300010169623,0.5,1,1.0000004540601268,0.9949791744999175,2,on. He started toward the cabin door as though,2,He started toward the cabin door as though anxious to develop his role as film and,"remarkable, better, and less humane to focus on.",311.9,315.71999999999997
18,4,mic_fileid_18_doa181_3spk_4.wav,4.0,4,mean_all_channels,316.0,320.0,181,3.9784139739999773,4.0,320.0,320.0001566860001,0.00015668600008211797,0.5,1,1.0000004896437502,0.9946034934999943,2,anxious to develop his role as film and discover what success his labor had resulted,3,discover what success his labor had resulted in the next video.,He started toward the cabin door as though anxious to develop his role as film and,315.96,320.76
19,1,mic_fileid_19_doa121_3spk_1.wav,4.0,4,mean_all_channels,320.0,324.0,340,3.980874718999985,4.0,324.0,324.0001876189999,0.00018761899991659448,0.5,1,1.0000005790709874,0.9952186797499962,2,in the next video.,1,Thank you,,321.76,321.9
19,2,mic_fileid_19_doa121_3spk_2.wav,4.0,4,mean_all_channels,324.0,328.0,340,3.981414803000007,4.0,328.0,328.00012964300004,0.00012964300003659446,0.5,1,1.000000395253049,0.9953537007500017,1,Thank you,1,"decided to give up the expedition, which was arrayed upon",Thank you,324.44,327.76
19,3,mic_fileid_19_doa121_3spk_3.wav,4.0,4,mean_all_channels,328.0,332.0,340,3.979615445000036,4.0,332.0,332.0001348640003,0.0001348640003016044,0.5,1,1.0000004062168684,0.994903861250009,2,"decided to give up the expedition, which was arrayed upon a small, dark community in",2,"a small, dark community in retaliation for the destruction","decided to give up the expedition, which was arrayed upon",327.94,331.28
19,4,mic_fileid_19_doa121_3spk_4.wav,4.0,4,mean_all_channels,332.0,336.0,340,3.9595080929998403,4.0,336.0,336.00146044400026,0.0014604440002585761,0.5,1,1.0000043465595245,0.9898770232499601,2,retaliation for the destruction of the incubator until after,3,of the incubator until after the Great Games. - Such a subject.,"a small, dark community in retaliation for the destruction",331.9,336.14
19,5,mic_fileid_19_doa121_3spk_5.wav,4.0,4,mean_all_channels,336.0,340.0,340,3.9776506759999393,4.0,340.0,340.0007028519999,0.0007028519999039418,0.5,1,1.0000020672117644,0.9944126689999848,2,the Great Games. - Such a subject.,1,- I,of the incubator until after the Great Games. - Such a subject.,338.32,339.08
20,1,mic_fileid_20_doa68_3spk_1.wav,4.0,4,mean_all_channels,340.0,344.0,68,3.9775240180001674,4.0,344.0,344.0001931080001,0.00019310800007588114,0.5,1,1.0000005613604654,0.9943810045000419,2,- I leann was about to approach,2,leann was about to approach the dead body and had begun,,340.64,343.67999999999995
20,2,mic_fileid_20_doa68_3spk_2.wav,4.0,4,mean_all_channels,344.0,348.0,68,3.981930461000047,4.0,348.0,348.0001358469999,0.00013584699991042726,0.5,1,1.0000003903649424,0.9954826152500118,2,the dead body and had begun to look at it when the brother,2,to look at it when the brother looking up a table from under his brows,leann was about to approach the dead body and had begun,344.06,347.88
20,3,mic_fileid_20_doa68_3spk_3.wav,4.0,4,mean_all_channels,348.0,352.0,68,3.9820030730002145,4.0,352.0,352.0001223530003,0.000122353000278963,0.5,1,1.000000347593751,0.9955007682500536,2,looking up a table from under his brows with calm contempt.,2,with calm contempt. Said something sharply and angri,to look at it when the brother looking up a table from under his brows,348.35999999999996,351.84
20,4,mic_fileid_20_doa68_3spk_4.wav,4.0,4,mean_all_channels,352.0,356.0,68,3.979950558999917,4.0,356.0,356.000162927,0.0001629270000194083,0.5,1,1.0000004576601125,0.9949876397499793,2,Said something sharply and angri ly nothing.,2,ly nothing. We,with calm contempt. Said something sharply and angri,351.96,355.20099999999996
21,1,mic_fileid_21_doa34_3spk_1.wav,4.0,4,mean_all_channels,356.0,360.0,34,3.9808201739997457,4.0,360.0,360.00013530000024,0.0001353000002382032,0.5,1,1.000000375833334,0.9952050434999364,2,We then went towards organic flow,2,then went towards organic flow after the passing of the net shell estimate,,356.38,359.7
21,2,mic_fileid_21_doa34_3spk_2.wav,4.0,4,mean_all_channels,360.0,364.0,34,3.9791762879999624,4.0,364.0,364.0001238069999,0.00012380699990899302,0.5,1,1.0000003401291206,0.9947940719999906,2,after the passing of the net shell estimate and the sum went on early,2,and the sum went on early and late to think,then went towards organic flow after the passing of the net shell estimate,360.41999999999996,363.23999999999995
21,3,mic_fileid_21_doa34_3spk_3.wav,4.0,4,mean_all_channels,364.0,368.0,34,3.9826661299998705,4.0,368.0,368.0014325070001,0.0014325070001177664,0.5,1,1.0000038926820656,0.9956665324999676,2,and late to think and or act something once every bre,2,and or act something once every bre aches I went your stock,and the sum went on early and late to think,363.96,367.59999999999997
21,4,mic_fileid_21_doa34_3spk_4.wav,4.0,4,mean_all_channels,368.0,372.0,34,3.979950560999896,4.0,372.0,372.00068716800024,0.0006871680002404901,0.5,1,1.0000018472258072,0.994987640249974,2,aches I went your stock ings and some are showing,3,ings and some are showing his spout as he swung.,and or act something once every bre aches I went your stock,367.91999999999996,371.0
22,1,mic_fileid_22_doa22_3spk_1.wav,4.0,4,mean_all_channels,372.0,376.0,345,3.978878388999874,4.0,376.0,376.0002138540003,0.0002138540003215894,0.5,1,1.0000005687606393,0.9947195972499685,2,his spout as he swung.,0,,,,
22,2,mic_fileid_22_doa22_3spk_2.wav,4.0,4,mean_all_channels,376.0,380.0,345,3.9795038410002235,4.0,380.0,380.000119539,0.00011953900002481532,0.5,1,1.0000003145763159,0.9948759602500559,1,[Indistinct chatter,1,[Indistinct chatter,,374.46,377.76
22,3,mic_fileid_22_doa22_3spk_3.wav,4.0,4,mean_all_channels,380.0,384.0,345,3.9810902899998837,4.0,384.0,384.0001572000001,0.00015720000010333024,0.5,1,1.0000004093750003,0.9952725724999709,1,[inaudible],3,[inaudible] [inaudible ],[Indistinct chatter,378.58,383.5829999999999
22,4,mic_fileid_22_doa22_3spk_4.wav,4.0,4,mean_all_channels,384.0,388.0,345,3.9816904009999234,4.0,388.0,388.00015343099994,0.00015343099994424847,0.5,1,1.0000003954407215,0.9954226002499809,2,[inaudible ],0,,[inaudible] [inaudible ],,
23,1,mic_fileid_23_doa6_3spk_1.wav,4.0,4,mean_all_channels,388.0,392.0,212,3.9818157649997374,4.0,392.0,392.000134633,0.00013463300001603784,0.5,1,1.0000003434515305,0.9954539412499344,1,[BLANK,2,"[BLANK walking home from town, he was brought back to his father's house",,388.4,393.5
23,2,mic_fileid_23_doa6_3spk_2.wav,4.0,4,mean_all_channels,392.0,396.0,212,3.9799457860003713,4.0,396.0,396.0001161119999,0.00011611199988692533,0.5,1,1.000000293212121,0.9949864465000928,1,"walking home from town, he was brought back to his father's house",1,. He was so tired and excited,"[BLANK walking home from town, he was brought back to his father's house",394.23999999999995,395.29999999999995
23,3,mic_fileid_23_doa6_3spk_3.wav,4.0,4,mean_all_channels,396.0,400.0,212,3.9816947550002624,4.0,400.0,400.0014623080001,0.0014623080001001654,0.5,1,1.0000036557700003,0.9954236887500656,2,. He was so tired and excited to give her what was happening to,2,"to give her what was happening to him. By chance, David",. He was so tired and excited,396.0,399.71999999999997
23,4,mic_fileid_23_doa6_3spk_4.wav,4.0,4,mean_all_channels,400.0,404.0,212,3.9807253829999354,4.0,404.0,404.00068817500005,0.0006881750000502507,0.5,1,1.0000017034034654,0.9951813457499838,2,"him. By chance, David 's father, the man who had to die disappeared",2,"'s father, the man who had to die disappeared .","to give her what was happening to him. By chance, David",399.88,402.04099999999994
24,1,mic_fileid_24_doa57_3spk_1.wav,4.0,4,mean_all_channels,404.0,408.0,289,3.978271070000119,4.0,408.0,408.0002358460001,0.00023584600012327428,0.5,1,1.0000005780539218,0.9945677675000297,1,.,2,I have not forgotten the rivet jacket for a little pressure side .,,404.4,407.941
24,2,mic_fileid_24_doa57_3spk_2.wav,4.0,4,mean_all_channels,408.0,412.0,289,3.9816553020000356,4.0,412.0,412.00016393800024,0.00016393800024161465,0.5,1,1.0000003979077676,0.9954138255000089,2,I have not forgotten the rivet jacket for a little pressure side .,1,"She was there before me, a dim, wavering, white shade",I have not forgotten the rivet jacket for a little pressure side .,410.44,413.47999999999996
24,3,mic_fileid_24_doa57_3spk_3.wav,4.0,4,mean_all_channels,412.0,416.0,289,3.9783057069998904,4.0,416.0,416.00013444000024,0.00013444000023810077,0.5,1,1.0000003231730774,0.9945764267499726,1,"She was there before me, a dim, wavering, white shade",1,waiting.,"She was there before me, a dim, wavering, white shade",413.97999999999996,414.82
24,4,mic_fileid_24_doa57_3spk_4.wav,4.0,4,mean_all_channels,416.0,420.0,289,3.9797936109998773,4.0,420.0,420.00015978600004,0.00015978600004018517,0.5,1,1.0000003804428572,0.9949484027499693,2,"waiting. I paused, holding to a rung of a ladder with one hand",2,"I paused, holding to a rung of a ladder with one hand .",waiting.,414.82099999999997,418.02099999999996
25,1,mic_fileid_25_doa112_3spk_1.wav,4.0,4,mean_all_channels,420.0,424.0,112,3.9798725369996646,4.0,424.0,424.00016448099996,0.0001644809999561403,0.5,1,1.0000003879268866,0.9949681342499161,2,. There was the sweetness of the Mayflower and,2,There was the sweetness of the Mayflower and the strength of the young oak.,,419.47999999999996,423.29999999999995
25,2,mic_fileid_25_doa112_3spk_2.wav,4.0,4,mean_all_channels,424.0,428.0,112,3.980389359000128,4.0,428.0,428.0001302999999,0.00013029999990976648,0.5,1,1.000000304439252,0.995097339750032,2,the strength of the young oak. One could easily define that she was one of,2,One could easily define that she was one of the role of the nature of picture high by,There was the sweetness of the Mayflower and the strength of the young oak.,423.94,427.88
25,3,mic_fileid_25_doa112_3spk_3.wav,4.0,4,mean_all_channels,428.0,432.0,112,3.98144025900001,4.0,432.0,432.00177371300015,0.0017737130001478363,0.5,1,1.00000410581713,0.9953600647500025,2,the role of the nature of picture high by suffering plums to love.,3,"suffering plums to love. Once raised herself, but you've been",One could easily define that she was one of the role of the nature of picture high by,428.34,431.24099999999993
26,1,mic_fileid_26_doa34_3spk_1.wav,4.0,4,mean_all_channels,432.0,436.0,34,3.9787925959999484,4.0,436.0,436.000855839,0.0008558389999961946,0.5,1,1.0000019629334862,0.9946981489999871,2,"Once raised herself, but you've been",1,"looking for the east, west, north and south",,432.79999999999995,435.09999999999997
26,2,mic_fileid_26_doa34_3spk_2.wav,4.0,4,mean_all_channels,436.0,440.0,34,3.9799740670000574,4.0,440.0,440.0002803000002,0.0002803000002131739,0.5,1,1.000000637045455,0.9949935167500144,2,"looking for the east, west, north and south .",2,. It,"looking for the east, west, north and south",436.12,439.86099999999993
26,3,mic_fileid_26_doa34_3spk_3.wav,4.0,4,mean_all_channels,440.0,444.0,34,3.9810317090000353,4.0,444.0,444.00012507300016,0.0001250730001629563,0.5,1,1.0000002816959463,0.9952579272500088,2,It was a custom of mine,2,was a custom of mine . Sometimes it was a little like a spurt of squirrel markers.,. It,440.02,443.82
26,4,mic_fileid_26_doa34_3spk_4.wav,4.0,4,mean_all_channels,444.0,448.0,34,3.9819801819999157,4.0,448.0,448.00012760200025,0.00012760200024786172,0.5,1,1.0000002848258933,0.9954950454999789,2,. Sometimes it was a little like a spurt of squirrel markers. A delicious salmon trout.,2,A delicious salmon trout. (audio,was a custom of mine . Sometimes it was a little like a spurt of squirrel markers.,444.12,446.54099999999994
27,1,mic_fileid_27_doa31_3spk_1.wav,4.0,4,mean_all_channels,448.0,452.0,173,3.9819373149998682,4.0,452.0,452.0001492440001,0.00014924400011295802,0.5,1,1.000000330185841,0.9954843287499671,2,(audio cuts out),1,cuts out),,447.67999999999995,449.82
27,2,mic_fileid_27_doa31_3spk_2.wav,4.0,4,mean_all_channels,452.0,456.0,173,3.975548502000038,4.0,456.0,456.000125261,0.00012526099999377038,0.5,1,1.0000002746951755,0.9938871255000095,1,I shall find her someday,2,"I shall find her someday , then she will return to",cuts out),450.44,455.82
27,3,mic_fileid_27_doa31_3spk_3.wav,4.0,4,mean_all_channels,456.0,460.0,173,3.9660234170000876,4.0,460.0,460.0001548800001,0.00015488000008190284,0.5,1,1.0000003366956522,0.9915058542500219,2,", then she will return to me.",2,me. I guess it was a mind still thinking of everybody. I observed,"I shall find her someday , then she will return to",456.38,459.84
27,4,mic_fileid_27_doa31_3spk_4.wav,4.0,4,mean_all_channels,460.0,464.0,173,3.981908181000108,4.0,464.0,464.0017022830002,0.001702283000213356,0.5,1,1.0000036687133624,0.995477045250027,2,I guess it was a mind still thinking of everybody. I observed the time he,3,the time he did yes always .,me. I guess it was a mind still thinking of everybody. I observed,460.28,463.48099999999994
27,5,mic_fileid_27_doa31_3spk_5.wav,4.0,4,mean_all_channels,464.0,468.0,173,3.9797978959995817,4.0,468.0,468.0008469210002,0.0008469210001749161,0.5,1,1.0000018096602568,0.9949494739998954,2,did yes always .,0,,the time he did yes always .,,
28,1,mic_fileid_28_doa124_3spk_1.wav,4.0,4,mean_all_channels,468.0,472.0,217,3.9814863579999837,4.0,472.0,472.0003666299999,0.0003666299999167677,0.5,1,1.0000007767584744,0.9953715894999959,1,"At this point, I'm going to go",2,"At this point, I'm going to go through the entire process",,468.26,471.7
28,2,mic_fileid_28_doa124_3spk_2.wav,4.0,4,mean_all_channels,472.0,476.0,217,3.979796227999941,4.0,476.0,476.000201716,0.00020171599999230239,0.5,1,1.0000004237731093,0.9949490569999853,2,through the entire process .,1,.,"At this point, I'm going to go through the entire process",473.88,473.881
28,3,mic_fileid_28_doa124_3spk_3.wav,4.0,4,mean_all_channels,476.0,480.0,217,3.979614721999951,4.0,480.0,480.00013491100026,0.0001349110002593079,0.5,1,1.0000002810645838,0.9949036804999878,1,We turned,2,We turned up the wrong way.,.,474.67999999999995,479.4
28,4,mic_fileid_28_doa124_3spk_4.wav,4.0,4,mean_all_channels,480.0,484.0,217,3.9806872149997616,4.0,484.0,484.00011923400007,0.00011923400006708107,0.5,1,1.0000002463512399,0.9951718037499404,2,up the wrong way. Who gave you that,2,Who gave you that ?,We turned up the wrong way.,480.06,481.70199999999994
29,1,mic_fileid_29_doa111_3spk_1.wav,4.0,4,mean_all_channels,484.0,488.0,111,3.9820072949996757,4.0,488.0,488.000122682,0.00012268199998288765,0.5,1,1.000000251397541,0.9955018237499189,1,?,1,My father was and still is receiver general at,,484.4,487.59999999999997
29,2,mic_fileid_29_doa111_3spk_2.wav,4.0,4,mean_all_channels,488.0,492.0,111,3.9812995610000144,4.0,492.0,492.00012472200024,0.00012472200023694313,0.5,1,1.0000002535000005,0.9953248902500036,2,My father was and still is receiver general at CE. He has a great reputation,2,CE. He has a great reputation for loyalty.,My father was and still is receiver general at,487.91999999999996,491.52
29,3,mic_fileid_29_doa111_3spk_3.wav,4.0,4,mean_all_channels,492.0,496.0,111,3.98338519500021,4.0,496.0,496.0017193670001,0.0017193670000779093,0.5,1,1.000003466465726,0.9958462987500525,2,for loyalty. Thanks to which we were able to find the security,2,Thanks to which we were able to find the security or to take it in order to,CE. He has a great reputation for loyalty.,492.29999999999995,495.78
29,4,mic_fileid_29_doa111_3spk_4.wav,4.0,4,mean_all_channels,496.0,500.0,111,3.9801961060002213,4.0,500.0,500.00083497900005,0.0008349790000465873,0.5,1,1.000001669958,0.9950490265000553,2,or to take it in order to return to the position.,1,return to the position.,Thanks to which we were able to find the security or to take it in order to,495.97999999999996,497.06
30,1,mic_fileid_30_doa12_3spk_1.wav,4.0,4,mean_all_channels,500.0,504.0,12,3.9798823940000148,4.0,504.0,504.0003666350003,0.00036663500031863805,0.5,1,1.0000007274503975,0.9949705985000037,1,(indistinct,3,(indistinct chatter s.,,500.26,502.82
30,2,mic_fileid_30_doa12_3spk_2.wav,4.0,4,mean_all_channels,504.0,508.0,12,3.982976543999939,4.0,508.0,508.0001293370001,0.0001293370000894356,0.5,1,1.0000002546003939,0.9957441359999848,2,chatter s.,1,When it comes to a more long list of,(indistinct chatter s.,505.28,507.08
30,3,mic_fileid_30_doa12_3spk_3.wav,4.0,4,mean_all_channels,508.0,512.0,12,3.978808756000035,4.0,512.0,512.0001467460002,0.00014674600015496253,0.5,1,1.0000002866132816,0.9947021890000087,2,"When it comes to a more long list of people, there's a hood, a fashion which is common at the",2,"people, there's a hood, a fashion which is common at the present day. The over",When it comes to a more long list of,507.38,511.65999999999997
30,4,mic_fileid_30_doa12_3spk_4.wav,4.0,4,mean_all_channels,512.0,516.0,12,3.9774901339997086,4.0,516.0,516.0001339290002,0.0001339290001851623,0.5,1,1.0000002595523259,0.9943725334999272,2,"present day. The over grabments were fastened by broaches, pins",2,"grabments were fastened by broaches, pins , buttons.","people, there's a hood, a fashion which is common at the present day. The over",511.97999999999996,514.5799999999999
31,1,mic_fileid_31_doa53_3spk_1.wav,4.0,4,mean_all_channels,516.0,520.0,53,3.9804548690003685,4.0,520.0,520.0001307810003,0.00013078100027996697,0.5,1,1.0000002515019235,0.9951137172500921,2,", buttons. His eyes looked so real",2,"His eyes looked so real , with a tilt, but no conjecture at",,514.9,519.8199999999999
31,2,mic_fileid_31_doa53_3spk_2.wav,4.0,4,mean_all_channels,520.0,524.0,53,3.9806107280001015,4.0,524.0,524.000131752,0.00013175200001569465,0.5,1,1.0000002514351145,0.9951526820000254,2,", with a tilt, but no conjecture at all. Below, by the lines of",2,"all. Below, by the lines of a torch which was right between the launch","His eyes looked so real , with a tilt, but no conjecture at",520.06,523.84
31,3,mic_fileid_31_doa53_3spk_3.wav,4.0,4,mean_all_channels,524.0,528.0,53,3.984821260999979,4.0,528.0,528.0017516570001,0.0017516570001134824,0.5,1,1.0000033175321972,0.9962053152499948,2,a torch which was right between the launch of the systems. This had to be,2,of the systems. This had to be so distinguished.,"all. Below, by the lines of a torch which was right between the launch",524.02,527.02
31,4,mic_fileid_31_doa53_3spk_4.wav,4.0,4,mean_all_channels,528.0,532.0,53,3.9787041370000225,4.0,532.0,532.0008469200002,0.0008469200001854915,0.5,1,1.0000015919548875,0.9946760342500056,2,so distinguished. Nothing could not be enough som,3,Nothing could not be enough som ber and uncertain bleak and Mozart,of the systems. This had to be so distinguished.,527.86,532.02
31,5,mic_fileid_31_doa53_3spk_5.wav,4.0,4,mean_all_channels,532.0,536.0,53,3.9791200409999874,4.0,536.0,536.000326679,0.0003266789999543107,0.5,1,1.000000609475746,0.9947800102499968,2,ber and uncertain bleak and Mozart,1,.,Nothing could not be enough som ber and uncertain bleak and Mozart,532.64,532.641
32,1,mic_fileid_32_doa102_3spk_1.wav,4.0,4,mean_all_channels,536.0,540.0,102,3.9801666719999957,4.0,540.0,540.000148606,0.00014860600003885338,0.5,1,1.0000002751962964,0.9950416679999989,2,. You're,2,You're a traitor yourself. I know you all,,537.0799999999999,539.68
32,2,mic_fileid_32_doa102_3spk_2.wav,4.0,4,mean_all_channels,540.0,544.0,102,3.980162613000175,4.0,544.0,544.0001240720003,0.0001240720002897433,0.5,1,1.0000002280735298,0.9950406532500438,2,a traitor yourself. I know you all played your all lives. This is a,2,played your all lives. This is a break of the way things are going.,You're a traitor yourself. I know you all,539.88,543.42
32,3,mic_fileid_32_doa102_3spk_3.wav,4.0,4,mean_all_channels,544.0,548.0,102,3.984527918999902,4.0,548.0,548.0001563660003,0.00015636600028301473,0.5,1,1.0000002853394165,0.9961319797499755,2,break of the way things are going. I'm not going to break the way things,2,I'm not going to break the way things are going.,played your all lives. This is a break of the way things are going.,544.3,545.92
32,4,mic_fileid_32_doa102_3spk_4.wav,4.0,4,mean_all_channels,548.0,552.0,102,3.9781032159999086,4.0,552.0,552.000178842,0.00017884199996842653,0.5,1,1.0000003239891304,0.9945258039999771,2,"are going. So,",3,"So, we're going to get the baseball brooch started with a gliding gate. [BLANK",I'm not going to break the way things are going.,547.9399999999999,551.9409999999999
32,5,mic_fileid_32_doa102_3spk_5.wav,4.0,4,mean_all_channels,552.0,556.0,102,3.9756514969999444,4.0,556.0,556.0001313120001,0.00013131200012139743,0.5,1,1.000000236172662,0.9939128742499861,2,we're going to get the baseball brooch started with a gliding gate. [BLANK,0,,"So, we're going to get the baseball brooch started with a gliding gate. [BLANK",,
33,1,mic_fileid_33_doa34_3spk_1.wav,4.0,4,mean_all_channels,556.0,560.0,345,3.982311043000209,4.0,560.0,560.002029063,0.002029063000009046,0.5,1,1.0000036233267857,0.9955777607500522,1,And she had sweet last night,2,And she had sweet last night . I would want to go to the Lucas.,,556.52,559.68
33,2,mic_fileid_33_doa34_3spk_2.wav,4.0,4,mean_all_channels,560.0,564.0,345,3.9794970409998314,4.0,564.0,564.001032229,0.0010322289999749046,0.5,1,1.0000018301932623,0.9948742602499578,2,. I would want to go to the Lucas. It's a very special day.,2,It's a very special day. I'm going to try to get a little more of this.,And she had sweet last night . I would want to go to the Lucas.,559.8199999999999,563.76
33,3,mic_fileid_33_doa34_3spk_3.wav,4.0,4,mean_all_channels,564.0,568.0,345,3.980010108999977,4.0,568.0,568.0003956290002,0.00039562900019518565,0.5,1,1.00000069652993,0.9950025272499943,2,I'm going to try to get a little more of this. I,2,I 'm sure he's happy,It's a very special day. I'm going to try to get a little more of this.,564.9,567.8
33,4,mic_fileid_33_doa34_3spk_4.wav,4.0,4,mean_all_channels,568.0,572.0,345,3.9806697899998653,4.0,572.0,572.000158328,0.0001583279999977094,0.5,1,1.0000002767972027,0.9951674474999663,2,'m sure he's happy there to,2,there to the right.,I 'm sure he's happy,568.16,571.0799999999999
34,1,mic_fileid_34_doa125_3spk_1.wav,4.0,4,mean_all_channels,572.0,576.0,157,3.9756407460004084,4.0,576.0,576.0001282980002,0.00012829800016334048,0.5,1,1.0000002227395837,0.9939101865001021,2,the right. It was there for so many,2,"It was there for so many had fallen on evil days, for he could",,571.22,575.86
34,2,mic_fileid_34_doa125_3spk_2.wav,4.0,4,mean_all_channels,576.0,580.0,157,3.976871840000058,4.0,580.0,580.0001394750002,0.00013947500019639847,0.5,1,1.0000002404741384,0.9942179600000145,2,"had fallen on evil days, for he could not bring himself to paint against his",2,not bring himself to paint against his better judgment. He was now running a,"It was there for so many had fallen on evil days, for he could",576.0,579.76
34,3,mic_fileid_34_doa125_3spk_3.wav,4.0,4,mean_all_channels,580.0,584.0,157,3.9815998550002405,4.0,584.0,584.000154761,0.00015476099997613346,0.5,1,1.0000002650017124,0.9953999637500601,2,better judgment. He was now running a former photographic studio on the top,2,former photographic studio on the top of a house in government street,not bring himself to paint against his better judgment. He was now running a,579.9599999999999,583.22
34,4,mic_fileid_34_doa125_3spk_4.wav,4.0,4,mean_all_channels,584.0,588.0,157,3.9797048729997186,4.0,588.0,588.00015816,0.00015815999995538732,0.5,1,1.0000002689795917,0.9949262182499297,2,of a house in government street . The accommodation consisted of the studio,2,. The accommodation consisted of the studio itself.,former photographic studio on the top of a house in government street,583.9399999999999,586.8199999999999
35,1,mic_fileid_35_doa24_3spk_1.wav,4.0,4,mean_all_channels,588.0,592.0,24,3.982666985999913,4.0,592.0,592.0019997170002,0.0019997170002170606,0.5,1,1.000003377900338,0.9956667464999782,2,itself. The western world is,2,The western world is warned if not marked against the possibility,,588.34,591.86
35,2,mic_fileid_35_doa24_3spk_2.wav,4.0,4,mean_all_channels,592.0,596.0,24,3.979240054999991,4.0,596.0,596.0010132330003,0.0010132330003216339,0.5,1,1.0000017000553696,0.9948100137499978,2,warned if not marked against the possibility of the previous verse.,2,"of the previous verse. In the second place, there is weakness and",The western world is warned if not marked against the possibility,592.4599999999999,595.78
35,3,mic_fileid_35_doa24_3spk_3.wav,4.0,4,mean_all_channels,596.0,600.0,24,3.976011764999839,4.0,600.0,600.0004092530003,0.0004092530002708372,0.5,1,1.0000006820883338,0.9940029412499598,2,"In the second place, there is weakness and herit in the brown man, which will bring his",2,"herit in the brown man, which will bring his adventure to naught. From","of the previous verse. In the second place, there is weakness and",596.02,599.8199999999999
35,4,mic_fileid_35_doa24_3spk_4.wav,4.0,4,mean_all_channels,600.0,604.0,24,3.9792816799999855,4.0,604.0,604.0001414940002,0.00014149400021779002,0.5,1,1.0000002342615897,0.9948204199999964,2,adventure to naught. From the west he has borrowed all our material,2,the west he has borrowed all our material achievement and passed our ethical achievement,"herit in the brown man, which will bring his adventure to naught. From",600.0,603.5
35,5,mic_fileid_35_doa24_3spk_5.wav,4.0,4,mean_all_channels,604.0,608.0,24,3.9805884269999297,4.0,608.0,608.0001710730003,0.00017107300027419114,0.5,1,1.0000002813700661,0.9951471067499824,2,achievement and passed our ethical achievement by.,1,by.,the west he has borrowed all our material achievement and passed our ethical achievement,604.04,604.36
36,1,mic_fileid_36_doa24_3spk_1.wav,4.0,4,mean_all_channels,608.0,612.0,269,3.9795994820001397,4.0,612.0,612.0001574840003,0.0001574840002831479,0.5,1,1.0000002573267979,0.9948998705000349,1,But we imagine that she,2,But we imagine that she was too young and in spirit you did get,,608.42,611.88
36,2,mic_fileid_36_doa24_3spk_2.wav,4.0,4,mean_all_channels,612.0,616.0,269,3.9792992550001145,4.0,616.0,616.00023001,0.00023000999999567284,0.5,1,1.000000373392857,0.9948248137500286,2,was too young and in spirit you did get a heart of juice.,2,a heart of juice. That's what he's doing.,But we imagine that she was too young and in spirit you did get,611.98,614.1
36,3,mic_fileid_36_doa24_3spk_3.wav,4.0,4,mean_all_channels,616.0,620.0,269,3.9784409950002555,4.0,620.0,620.000163827,0.00016382700005124207,0.5,1,1.0000002642370969,0.9946102487500639,2,That's what he's doing. He's doing it.,2,He's doing it. He's doing,a heart of juice. That's what he's doing.,615.4399999999999,619.12
36,4,mic_fileid_36_doa24_3spk_4.wav,4.0,4,mean_all_channels,620.0,624.0,269,3.9812875769998755,4.0,624.0,624.0019311890001,0.00193118900006084,0.5,1,1.0000030948541667,0.9953218942499689,2,He's doing her father's,2,her father's head blown.,He's doing it. He's doing,620.98,622.4399999999999
37,1,mic_fileid_37_doa51_3spk_1.wav,4.0,4,mean_all_channels,624.0,628.0,104,3.979685076000351,4.0,628.0,628.0010391180003,0.0010391180003352929,0.5,1,1.0000016546464974,0.9949212690000877,2,head blown. And there is much comment on,2,And there is much comment on this if you find it in the,,624.14,627.76
37,2,mic_fileid_37_doa51_3spk_2.wav,4.0,4,mean_all_channels,628.0,632.0,104,3.9784893900000498,4.0,632.0,632.0004057360002,0.0004057360001752386,0.5,1,1.000000641987342,0.9946223475000124,2,"this if you find it in the shop, it was not once",2,"shop, it was not once recognized. The player was",And there is much comment on this if you find it in the,627.9599999999999,631.74
37,3,mic_fileid_37_doa51_3spk_3.wav,4.0,4,mean_all_channels,632.0,636.0,104,3.980859535000036,4.0,636.0,636.0001404130003,0.00014041300028111436,0.5,1,1.0000002207751577,0.995214883750009,2,"recognized. The player was embodied in horse flesh,",2,"embodied in horse flesh, more horsepower than ever","shop, it was not once recognized. The player was",632.1,635.62
37,4,mic_fileid_37_doa51_3spk_4.wav,4.0,4,mean_all_channels,636.0,640.0,104,3.979306164999798,4.0,640.0,640.000138978,0.0001389779999954044,0.5,1,1.000000217153125,0.9948265412499495,2,more horsepower than ever before.,1,before.,"embodied in horse flesh, more horsepower than ever",635.86,636.34
38,1,mic_fileid_38_doa1_3spk_1.wav,4.0,4,mean_all_channels,640.0,644.0,1,3.9720687620001627,4.0,644.0,644.0001408910002,0.0001408910002282937,0.5,1,1.0000002187748451,0.9930171905000407,1,[SIDE CON,2,[SIDE CON VERSATION,,640.24,641.48
38,2,mic_fileid_38_doa1_3spk_2.wav,4.0,4,mean_all_channels,644.0,648.0,1,3.9815648740000142,4.0,648.0,648.0001713000001,0.00017130000014731195,0.5,1,1.0000002643518522,0.9953912185000036,1,VERSATION,1,"First, we were glad to have you.",[SIDE CON VERSATION,644.9599999999999,647.1999999999999
38,3,mic_fileid_38_doa1_3spk_3.wav,4.0,4,mean_all_channels,648.0,652.0,1,3.9805090209997616,4.0,652.0,652.0001915600001,0.00019156000007569673,0.5,1,1.0000002938036812,0.9951272552499404,1,"First, we were glad to have you.",1,[INAUDIBLE],"First, we were glad to have you.",648.8,649.4599999999999
38,4,mic_fileid_38_doa1_3spk_4.wav,4.0,4,mean_all_channels,652.0,656.0,1,3.9788246769999205,4.0,656.0,656.002010272,0.0020102720000068075,0.5,1,1.0000030644390243,0.9947061692499801,2,[INAUDIBLE] >> He took note of the school,3,>> He took note of the school and the students. - We're very committed to this for social life.,[INAUDIBLE],652.02,656.48
38,5,mic_fileid_38_doa1_3spk_5.wav,4.0,4,mean_all_channels,656.0,660.0,1,3.9779072140004246,4.0,660.0,660.0010044979999,0.0010044979999292991,0.5,1,1.0000015219666665,0.9944768035001061,2,and the students. - We're very committed to this for social life.,1,-,>> He took note of the school and the students. - We're very committed to this for social life.,656.56,656.5609999999999
39,1,mic_fileid_39_doa156_3spk_1.wav,4.0,4,mean_all_channels,660.0,664.0,250,3.9808481039999606,4.0,664.0,664.000417792,0.0004177920000074664,0.5,1,1.0000006292048194,0.9952120259999901,2,- But he made his way down to the,2,But he made his way down to the floor and he fell as well as he,,660.24,663.6
39,2,mic_fileid_39_doa156_3spk_2.wav,4.0,4,mean_all_channels,664.0,668.0,250,3.9804518759997336,4.0,668.0,668.0001173610003,0.00011736100032067043,0.5,1,1.0000001756901202,0.9951129689999334,2,floor and he fell as well as he stepped into the flooded water,2,stepped into the flooded water inch by inch and foot,But he made his way down to the floor and he fell as well as he,663.84,667.88
39,3,mic_fileid_39_doa156_3spk_3.wav,4.0,4,mean_all_channels,668.0,672.0,250,3.9794487519998256,4.0,672.0,672.0001377190001,0.00013771900012216065,0.5,1,1.0000002049389882,0.9948621879999564,2,inch by inch and foot by foot he falls his way across,2,by foot he falls his way across now nearly swept off his feet I saw,stepped into the flooded water inch by inch and foot,668.06,671.88
39,4,mic_fileid_39_doa156_3spk_4.wav,4.0,4,mean_all_channels,672.0,676.0,250,3.9811234720000357,4.0,676.0,676.000145942,0.000145942000017385,0.5,1,1.0000002158905326,0.9952808680000089,2,"now nearly swept off his feet I saw him sweating, swirling, and now",2,"him sweating, swirling, and now narrowly escaping.",by foot he falls his way across now nearly swept off his feet I saw,672.02,675.4399999999999
39,5,mic_fileid_39_doa156_3spk_5.wav,4.0,4,mean_all_channels,676.0,680.0,250,3.979598342999907,4.0,680.0,680.0001507540001,0.0001507540000602603,0.5,1,1.000000221697059,0.9948995857499767,2,narrowly escaping. (laughs),1,(laughs),"him sweating, swirling, and now narrowly escaping.",677.0,677.001
40,1,mic_fileid_40_doa14_3spk_1.wav,4.0,4,mean_all_channels,680.0,684.0,14,3.9807811100004074,4.0,684.0,684.000132833,0.0001328329999523703,0.5,1,1.0000001942002923,0.9951952775001018,1,We advanced talking,2,We advanced talking in their fashion and in,,680.26,683.72
40,2,mic_fileid_40_doa14_3spk_2.wav,4.0,4,mean_all_channels,684.0,688.0,14,3.981563929999993,4.0,688.0,688.000139498,0.00013949799995316425,0.5,1,1.000000202758721,0.9953909824999982,2,in their fashion and in high spirits and congrat,2,high spirits and congrat ulating ourselves on the,We advanced talking in their fashion and in,683.92,687.74
40,3,mic_fileid_40_doa14_3spk_3.wav,4.0,4,mean_all_channels,688.0,692.0,14,3.981903488000171,4.0,692.0,692.0011891140002,0.0011891140002262546,0.5,1,1.0000017183728327,0.9954758720000427,2,ulating ourselves on the shut-up of the transporter,2,shut-up of the transporter and on breathing a fine mountain,high spirits and congrat ulating ourselves on the,687.9599999999999,691.5799999999999
40,4,mic_fileid_40_doa14_3spk_4.wav,4.0,4,mean_all_channels,692.0,696.0,14,3.9821971560004386,4.0,696.0,696.0005802539999,0.0005802539999422152,0.5,1,1.0000008336982757,0.9955492890001096,2,and on breathing a fine mountain air again.,2,air again. May the Lord,shut-up of the transporter and on breathing a fine mountain,691.9399999999999,694.36
41,1,mic_fileid_41_doa86_3spk_1.wav,4.0,4,mean_all_channels,696.0,700.0,116,3.9698688939997737,4.0,700.0,700.0001669560002,0.00016695600015737,0.5,1,1.0000002385085716,0.9924672234999434,2,May the Lord have mercy,2,have mercy [inaudible],,697.1,701.26
41,2,mic_fileid_41_doa86_3spk_2.wav,4.0,4,mean_all_channels,700.0,704.0,116,3.98128220999979,4.0,704.0,704.0001610720001,0.00016107200008264044,0.5,1,1.0000002287954546,0.9953205524999476,1,[inaudible],1,[inaudible],have mercy [inaudible],702.4599999999999,703.24
41,3,mic_fileid_41_doa86_3spk_3.wav,4.0,4,mean_all_channels,704.0,708.0,116,3.9794227419997696,4.0,708.0,708.0001668150003,0.00016681500028425944,0.5,1,1.000000235614407,0.9948556854999424,1,[inaudible],2,The president will be pleased to see the victory.,[inaudible],704.42,708.04
41,4,mic_fileid_41_doa86_3spk_4.wav,4.0,4,mean_all_channels,708.0,712.0,116,3.9820424210001875,4.0,712.0,712.0001479890002,0.00014798900019741268,0.5,1,1.0000002078497194,0.9955106052500469,2,The president will be pleased to see the victory.,1,Thank,The president will be pleased to see the victory.,711.72,711.721
42,1,mic_fileid_42_doa76_3spk_1.wav,4.0,4,mean_all_channels,712.0,716.0,76,3.970910153999739,4.0,716.0,716.0001253650003,0.00012536500025817077,0.5,1,1.0000001750907825,0.9927275384999348,2,Thank you.,2,you. How can person who is just right. It,,713.14,715.8199999999999
42,2,mic_fileid_42_doa76_3spk_2.wav,4.0,4,mean_all_channels,716.0,720.0,76,3.981088023999746,4.0,720.0,720.0001291890003,0.00012918900029035285,0.5,1,1.000000179429167,0.9952720059999365,2,How can person who is just right. It 's how she did the,2,'s how she did the shoulder.,you. How can person who is just right. It,716.24,718.24
42,3,mic_fileid_42_doa76_3spk_3.wav,4.0,4,mean_all_channels,720.0,724.0,76,3.98295860799999,4.0,724.0,724.0012413070003,0.0012413070003276516,0.5,1,1.0000017145124314,0.9957396519999975,1,shoulder.,1,of the Black Tail.,'s how she did the shoulder.,720.4399999999999,723.62
42,4,mic_fileid_42_doa76_3spk_4.wav,4.0,4,mean_all_channels,724.0,728.0,76,3.9805483029999778,4.0,728.0,728.0005856480002,0.0005856480001966702,0.5,1,1.0000008044615387,0.9951370757499944,2,of the Black Tail. And lark had the chance to scoot you,2,And lark had the chance to scoot you back.,of the Black Tail.,724.0799999999999,726.4599999999999
42,5,mic_fileid_42_doa76_3spk_5.wav,4.0,4,mean_all_channels,728.0,732.0,76,3.9779348570000366,4.0,732.0,732.0001174019999,0.000117401999887079,0.5,1,1.0000001603852458,0.9944837142500091,1,back.,0,,And lark had the chance to scoot you back.,,
43,1,mic_fileid_43_doa44_3spk_1.wav,4.0,4,mean_all_channels,732.0,736.0,273,3.9801250330001494,4.0,736.0,736.0001598500003,0.00015985000027285423,0.5,1,1.0000002171875004,0.9950312582500374,1,"""Odeck, Odeck"" he whisper",2,"""Odeck, Odeck"" he whisper ed. ""Don't you realize that I love",,732.3199999999999,735.68
43,2,mic_fileid_43_doa44_3spk_2.wav,4.0,4,mean_all_channels,736.0,740.0,273,3.9818956020003498,4.0,740.0,740.0001469500003,0.00014695000027131755,0.5,1,1.0000001985810814,0.9954739005000874,2,"ed. ""Don't you realize that I love you and would give my life to save you from un",2,you and would give my life to save you from un happiness.,"""Odeck, Odeck"" he whisper ed. ""Don't you realize that I love",735.92,738.98
43,3,mic_fileid_43_doa44_3spk_3.wav,4.0,4,mean_all_channels,740.0,744.0,273,3.976089626999965,4.0,744.0,744.0001248379999,0.00012483799991969136,0.5,1,1.0000001677930106,0.9940224067499912,2,happiness. Everything please. No,2,"Everything please. No , no, no, she remember the little catch in",you and would give my life to save you from un happiness.,739.14,743.8199999999999
43,4,mic_fileid_43_doa44_3spk_4.wav,4.0,4,mean_all_channels,744.0,748.0,273,3.9799376709997887,4.0,748.0,748.0001480380001,0.0001480380001339654,0.5,1,1.000000197911765,0.9949844177499472,2,", no, no, she remember the little catch in her voice. Please don't ask me",2,her voice. Please don't ask me .,"Everything please. No , no, no, she remember the little catch in",743.9599999999999,746.2009999999999
44,1,mic_fileid_44_doa184_3spk_1.wav,4.0,4,mean_all_channels,748.0,752.0,215,3.9801435420004054,4.0,752.0,752.000147104,0.0001471040000069479,0.5,1,1.0000001956170212,0.9950358855001014,2,. I too have had my three,2,I too have had my three -star and I too have had my three-star and I,,748.54,751.4399999999999
44,2,mic_fileid_44_doa184_3spk_2.wav,4.0,4,mean_all_channels,752.0,756.0,215,3.9813809540000875,4.0,756.0,756.0012609220003,0.0012609220002559596,0.5,1,1.0000016678862438,0.9953452385000219,2,-star and I too have had my three-star and I too have had my three-star,2,too have had my three-star .,I too have had my three -star and I too have had my three-star and I,752.3199999999999,754.981
44,3,mic_fileid_44_doa184_3spk_3.wav,4.0,4,mean_all_channels,756.0,760.0,215,3.975815367999985,4.0,760.0,760.0005434029999,0.0005434029999378254,0.5,1,1.0000007150039474,0.9939538419999963,2,. I too have had the only son of Bill Tamarck,2,"I too have had the only son of Bill Tamarck . I love the good child. I'm 6,000 years old",too have had my three-star .,754.982,759.78
44,4,mic_fileid_44_doa184_3spk_4.wav,4.0,4,mean_all_channels,760.0,764.0,215,3.982299645999774,4.0,764.0,764.0001360460001,0.00013604600007965928,0.5,1,1.0000001780706806,0.9955749114999435,2,". I love the good child. I'm 6,000 years old . Love has the right to a long",3,. Love has the right to a long white beard. Family expenses.,"I too have had the only son of Bill Tamarck . I love the good child. I'm 6,000 years old",760.04,763.8199999999999
44,5,mic_fileid_44_doa184_3spk_5.wav,4.0,4,mean_all_channels,764.0,768.0,215,3.9818220729998757,4.0,768.0,768.0001501370002,0.0001501370002188196,0.5,1,1.0000001954908857,0.9954555182499689,2,white beard. Family expenses.,0,,. Love has the right to a long white beard. Family expenses.,,
45,1,mic_fileid_45_doa62_3spk_1.wav,4.0,4,mean_all_channels,768.0,772.0,278,3.9777828109999973,4.0,772.0,772.0001227339999,0.00012273399988771416,0.5,1,1.0000001589818652,0.9944457027499993,1,One right-wing look at the right,2,One right-wing look at the right .,,768.34,770.001
45,2,mic_fileid_45_doa62_3spk_2.wav,4.0,4,mean_all_channels,772.0,776.0,278,3.98384630999999,4.0,776.0,776.0001509490003,0.00015094900027179392,0.5,1,1.0000001945219075,0.9959615774999975,1,.,1,and he clutch,One right-wing look at the right .,772.48,775.88
45,3,mic_fileid_45_doa62_3spk_3.wav,4.0,4,mean_all_channels,776.0,780.0,278,3.9807057230000282,4.0,780.0,780.0001614610001,0.00016146100006153574,0.5,1,1.0000002070012821,0.9951764307500071,2,and he clutch ed it.,2,ed it. I'm glad there's no more.,and he clutch,776.16,778.6
45,4,mic_fileid_45_doa62_3spk_4.wav,4.0,4,mean_all_channels,780.0,784.0,278,3.9806632400000126,4.0,784.0,784.0001339099999,0.00013390999993134756,0.5,1,1.0000001708035713,0.9951658100000031,1,I'm glad there's no more.,2,I'm a friend of your friend. I,ed it. I'm glad there's no more.,780.66,782.781
46,1,mic_fileid_46_doa151_3spk_1.wav,4.0,4,mean_all_channels,784.0,788.0,189,3.9845352550000825,4.0,788.0,788.0012874980002,0.0012874980002379743,0.5,1,1.000001633880711,0.9961338137500206,2,I'm a friend of your friend. I,1,don't see the English as the book in English when he ever set eyes,,784.68,787.64
46,2,mic_fileid_46_doa151_3spk_2.wav,4.0,4,mean_all_channels,788.0,792.0,189,3.9816382159997374,4.0,792.0,792.0005606509999,0.0005606509998870024,0.5,1,1.0000007078926767,0.9954095539999344,2,don't see the English as the book in English when he ever set eyes on outside the pages of puns,2,on outside the pages of puns .,don't see the English as the book in English when he ever set eyes,788.04,790.1809999999999
46,3,mic_fileid_46_doa151_3spk_3.wav,4.0,4,mean_all_channels,792.0,796.0,189,3.9737556300001415,4.0,796.0,796.0001578310003,0.00015783100025146268,0.5,1,1.000000198280151,0.9934389075000354,2,. You intend,2,You intend to take the blame? That's your best leg,on outside the pages of puns .,792.16,795.6
46,4,mic_fileid_46_doa151_3spk_4.wav,4.0,4,mean_all_channels,796.0,800.0,189,3.9793192649999582,4.0,800.0,800.000123278,0.00012327800004641176,0.5,1,1.0000001540975,0.9948298162499896,2,"to take the blame? That's your best leg , Andy Coulson. It is the",2,", Andy Coulson. It is the same thing.",You intend to take the blame? That's your best leg,795.9399999999999,798.72
47,1,mic_fileid_47_doa63_3spk_1.wav,4.0,4,mean_all_channels,800.0,804.0,104,3.9807126249997964,4.0,804.0,804.0001473480002,0.00014734800015503424,0.5,1,1.000000183268657,0.9951781562499491,2,"same thing. First, under different animal shapes.",2,"First, under different animal shapes. Since that time, probably since Hab",,800.22,803.84
47,2,mic_fileid_47_doa63_3spk_2.wav,4.0,4,mean_all_channels,804.0,808.0,104,3.9783990300002188,4.0,808.0,808.0001323700003,0.0001323700003013073,0.5,1,1.0000001638242577,0.9945997575000547,2,"Since that time, probably since Hab itat and Pertone to amuse ourselves, we continue",2,"itat and Pertone to amuse ourselves, we continue to transform ourselves.","First, under different animal shapes. Since that time, probably since Hab",804.0,807.4
47,3,mic_fileid_47_doa63_3spk_3.wav,4.0,4,mean_all_channels,808.0,812.0,104,3.981429509999998,4.0,812.0,812.000135152,0.0001351519999843731,0.5,1,1.0000001664433498,0.9953573774999995,2,to transform ourselves. And it was in this way that I got to know you,2,"And it was in this way that I got to know you . How, it's like Jacob Fiddle was","itat and Pertone to amuse ourselves, we continue to transform ourselves.",807.9399999999999,811.88
47,4,mic_fileid_47_doa63_3spk_4.wav,4.0,4,mean_all_channels,812.0,816.0,104,3.979746370000157,4.0,816.0,816.0001342320002,0.00013423200016404735,0.5,1,1.0000001645000003,0.9949365925000393,2,". How, it's like Jacob Fiddle was a stonement. Next, the ballast tanks",2,"a stonement. Next, the ballast tanks .","And it was in this way that I got to know you . How, it's like Jacob Fiddle was",812.14,814.3009999999999
48,1,mic_fileid_48_doa191_3spk_1.wav,4.0,4,mean_all_channels,816.0,820.0,227,3.9824248929999158,4.0,820.0,820.001499299,0.0014992989999882411,0.5,1,1.0000018284134147,0.9956062232499789,1,.,1,Why do you know what I do?,,816.5,818.06
48,2,mic_fileid_48_doa191_3spk_2.wav,4.0,4,mean_all_channels,820.0,824.0,227,3.9802240389999497,4.0,824.0,824.000714413,0.0007144129999687721,0.5,1,1.0000008670060678,0.9950560097499874,2,Why do you know what I do? I'm not a human.,2,I'm not a human. I'm not a human. I'm not a human. I'm not a human,Why do you know what I do?,818.74,823.6999999999999
48,3,mic_fileid_48_doa191_3spk_3.wav,4.0,4,mean_all_channels,824.0,828.0,227,3.976467282000158,4.0,828.0,828.000311326,0.00031132599997363286,0.5,1,1.0000003759975844,0.9941168205000395,1,I'm not a human. I'm not a human. I'm not a human,1,"moving ourselves and our chair, and our ear, and our question of awareness",I'm not a human. I'm not a human. I'm not a human. I'm not a human,824.6,827.74
48,4,mic_fileid_48_doa191_3spk_4.wav,4.0,4,mean_all_channels,828.0,832.0,227,3.9815738879997298,4.0,832.0,832.0001668200002,0.00016682000023138244,0.5,1,1.0000002005048079,0.9953934719999324,2,"moving ourselves and our chair, and our ear, and our question of awareness , much oftener than she",3,", much oftener than she moved her needle. [BLANK","moving ourselves and our chair, and our ear, and our question of awareness",828.24,831.621
48,5,mic_fileid_48_doa191_3spk_5.wav,4.0,4,mean_all_channels,832.0,836.0,227,3.98028924800019,4.0,836.0,836.0001570950003,0.0001570950003042526,0.5,1,1.0000001879126799,0.9950723120000475,2,moved her needle. [BLANK,1,_AUDIO],", much oftener than she moved her needle. [BLANK",835.38,835.8
49,1,mic_fileid_49_doa63_3spk_1.wav,4.0,4,mean_all_channels,836.0,840.0,63,3.9797993649999626,4.0,840.0,840.0001535350002,0.00015353500020864885,0.5,1,1.0000001827797622,0.9949498412499906,2,_AUDIO] >> Social wants must,2,>> Social wants must be satisfied. Perhaps,,836.52,839.5
49,2,mic_fileid_49_doa63_3spk_2.wav,4.0,4,mean_all_channels,840.0,844.0,63,3.9813586349996513,4.0,844.0,844.0001473030002,0.00014730300017617992,0.5,1,1.000000174529621,0.9953396587499128,2,be satisfied. Perhaps the people do not know which let,2,the people do not know which let life force us into the world,>> Social wants must be satisfied. Perhaps,839.9399999999999,843.24
49,3,mic_fileid_49_doa63_3spk_3.wav,4.0,4,mean_all_channels,844.0,848.0,63,3.97724819799987,4.0,848.0,848.0001368400003,0.00013684000032299082,0.5,1,1.0000001613679248,0.9943120494999675,2,life force us into the world .,2,. But in,the people do not know which let life force us into the world,844.02,847.66
49,4,mic_fileid_49_doa63_3spk_4.wav,4.0,4,mean_all_channels,848.0,852.0,63,3.9810213490000024,4.0,852.0,852.0014549330003,0.0014549330003319483,0.5,1,1.0000017076678407,0.9952553372500006,2,"But in fact, the law",2,"fact, the law is to",. But in,847.9,849.5799999999999
