fileid,chunk_index,clean_file,duration_sec,input_channels,input_audio_type,audio_start_sec,audio_end_sec,gt_dominant_spk1_doa,stream_paced_send_sec,chunk_audio_sec,stream_audio_end_sec,pipeline_wall_sec,pipeline_lag_sec,realtime_tolerance_sec,realtime_ok,cumulative_rtf,stream_paced_send_rtf,received_during_send_count,received_during_send_text,timestamp_assigned_count,timestamp_assigned_text,previous_chunk_transcript_text,timestamp_assigned_start_sec,timestamp_assigned_end_sec
0,1,clean_fileid_0_doa73_spk1_1.wav,4.0,1,clean_spk1,0.0,4.0,73,3.985985010999684,4.0,4.0,4.0001152529994215,0.00011525299942150014,0.5,1,1.0000288132498554,0.996496252749921,0,,1,"but before his arrival, life was extinct.",,0.26,2.96
0,2,clean_fileid_0_doa73_spk1_2.wav,4.0,1,clean_spk1,4.0,8.0,73,3.9947637189998204,4.0,8.0,8.000101032999737,0.0001010329997370718,0.5,1,1.0000126291249671,0.9986909297499551,0,,1,"is insane with grief, more especially because the maid discovered","but before his arrival, life was extinct.",4.04,7.46
0,3,clean_fileid_0_doa73_spk1_3.wav,4.0,1,clean_spk1,8.0,12.0,73,3.992176577000464,4.0,12.0,12.000280743000076,0.00028074300007574493,0.5,1,1.0000233952500064,0.998044144250116,3,"but before his arrival, life was extinct. is insane with grief, more especially because the maid discovered that her ladyship had left",2,that her ladyship had left a letter to some man she,"is insane with grief, more especially because the maid discovered",8.468,11.408
0,4,clean_fileid_0_doa73_spk1_4.wav,4.0,1,clean_spk1,12.0,16.0,73,3.9924065000004703,4.0,16.0,16.000133427000037,0.00013342700003704522,0.5,1,1.0000083391875023,0.9981016250001176,2,"a letter to some man she calls Dick, telling him",2,"calls Dick, telling him that she loved him.",that her ladyship had left a letter to some man she,11.58,14.719999999999999
1,1,clean_fileid_1_doa187_spk1_1.wav,4.0,1,clean_spk1,16.0,20.0,187,3.995533417999468,4.0,20.0,20.000134308999804,0.00013430899980448885,0.5,1,1.0000067154499903,0.998883354499867,2,that she loved him. But the precautions which,2,But the precautions which have been so happily concerted in the,,16.16,19.520000000000003
1,2,clean_fileid_1_doa187_spk1_2.wav,4.0,1,clean_spk1,20.0,24.0,187,3.99430469500021,4.0,24.0,24.00012539099953,0.000125390999528463,0.5,1,1.0000052246249804,0.9985761737500525,2,have been so happily concerted in the system under consideration. Promise,2,system under consideration. Promise and effectual security against,But the precautions which have been so happily concerted in the,19.720000000000002,23.5
1,3,clean_fileid_1_doa187_spk1_3.wav,4.0,1,clean_spk1,24.0,28.0,187,3.9943350290004673,4.0,28.0,28.00012763199993,0.0001276319999305997,0.5,1,1.0000045582857118,0.9985837572501168,2,and effectual security against this mischief. The choice,2,this mischief. The choice of several to form an,system under consideration. Promise and effectual security against,24.040000000000003,27.380000000000003
1,4,clean_fileid_1_doa187_spk1_4.wav,4.0,1,clean_spk1,28.0,32.0,187,3.9944661099998484,4.0,32.0,32.00014451599964,0.00014451599963649642,0.5,1,1.0000045161249886,0.9986165274999621,2,of several to form an intermediate body of electors.,1,intermediate body of electors.,this mischief. The choice of several to form an,27.66,29.400000000000002
2,1,clean_fileid_2_doa36_spk1_1.wav,4.0,1,clean_spk1,32.0,36.0,36,3.9924188830000276,4.0,36.0,36.000129368999296,0.00012936899929627543,0.5,1,1.0000035935833138,0.9981047207500069,1,or washing or churning days,2,or washing or churning days . Her life was,,32.2,35.44
2,2,clean_fileid_2_doa36_spk1_2.wav,4.0,1,clean_spk1,36.0,40.0,36,3.9938448180000705,4.0,40.0,40.000185705999684,0.00018570599968370516,0.5,1,1.000004642649992,0.9984612045000176,2,". Her life was quiet and monotonous, although hard",2,"quiet and monotonous, although hard working, and while her hands mechan",or washing or churning days . Her life was,35.64,39.480000000000004
2,3,clean_fileid_2_doa36_spk1_3.wav,4.0,1,clean_spk1,40.0,44.0,36,3.994342721999601,4.0,44.0,44.00014802699934,0.0001480269993408001,0.5,1,1.000003364249985,0.9985856804999003,2,"working, and while her hands mechan ically found and did the recustom labor",2,ically found and did the recustom labor . The thoughts that rose in her,"quiet and monotonous, although hard working, and while her hands mechan",39.88,43.52
2,4,clean_fileid_2_doa36_spk1_4.wav,4.0,1,clean_spk1,44.0,48.0,36,3.9941127339998275,4.0,48.0,48.00015905500004,0.0001590550000400981,0.5,1,1.0000033136458342,0.9985281834999569,2,. The thoughts that rose in her head always centered on Charlie Kinraid,2,head always centered on Charlie Kinraid . His ways,ically found and did the recustom labor . The thoughts that rose in her,43.82,46.84
2,5,clean_fileid_2_doa36_spk1_5.wav,4.0,1,clean_spk1,48.0,52.0,36,3.9945011129993873,4.0,52.0,52.00013300699993,0.00013300699993124,0.5,1,1.0000025578269218,0.9986252782498468,2,". His ways , his words.",1,", his words.",head always centered on Charlie Kinraid . His ways,47.440000000000005,48.58
3,1,clean_fileid_3_doa39_spk1_1.wav,4.0,1,clean_spk1,52.0,56.0,39,3.993467584999962,4.0,56.0,56.00014353000006,0.00014353000005939975,0.5,1,1.0000025630357154,0.9983668962499905,1,which takes over the usual,2,which takes over the usual stream of consciousness type of thinking,,52.24,55.4
3,2,clean_fileid_3_doa39_spk1_2.wav,4.0,1,clean_spk1,56.0,60.0,39,3.995440650999626,4.0,60.0,60.00012254000012,0.0001225400001203525,0.5,1,1.0000020423333353,0.9988601627499065,2,stream of consciousness type of thinking . It is implied that the process,2,. It is implied that the process may be atavistic. One of,which takes over the usual stream of consciousness type of thinking,56.1,59.58
3,3,clean_fileid_3_doa39_spk1_3.wav,4.0,1,clean_spk1,60.0,64.0,39,3.9937557109997215,4.0,64.0,64.0001350349994,0.00013503499940270558,0.5,1,1.0000021099218657,0.9984389277499304,2,"may be atavistic. One of the newer theories, one held",2,"the newer theories, one held by Dr. Louis R. Wolberg",. It is implied that the process may be atavistic. One of,59.760000000000005,63.42
3,4,clean_fileid_3_doa39_spk1_4.wav,4.0,1,clean_spk1,64.0,68.0,39,3.9947409340002196,4.0,68.0,68.0001350449993,0.00013504499929695157,0.5,1,1.000001985955872,0.9986852335000549,2,"by Dr. Louis R. Wolberg , a psychoanalyst.",1,", a psychoanalyst.","the newer theories, one held by Dr. Louis R. Wolberg",63.82,65.4
4,1,clean_fileid_4_doa26_spk1_1.wav,4.0,1,clean_spk1,68.0,72.0,26,3.994392675999734,4.0,72.0,72.00015565400008,0.00015565400008199504,0.5,1,1.0000021618611123,0.9985981689999335,1,The publication,2,"The publication , if made at all, should be affected",,68.58,71.11999999999999
4,2,clean_fileid_4_doa26_spk1_2.wav,4.0,1,clean_spk1,72.0,76.0,26,3.9928949909999574,4.0,76.0,76.00012147399957,0.00012147399957029847,0.5,1,1.0000015983420996,0.9982237477499893,2,", if made at all, should be affected as soon as possible after my death",2,as soon as possible after my death . My father died,"The publication , if made at all, should be affected",71.6,75.32
4,3,clean_fileid_4_doa26_spk1_3.wav,4.0,1,clean_spk1,76.0,80.0,26,3.993864097000369,4.0,80.0,80.00016723799945,0.00016723799944884377,0.5,1,1.000002090474993,0.9984660242500922,2,". My father died on the 6th of December,",2,"on the 6th of December, 1882.",as soon as possible after my death . My father died,75.72,79.08
4,4,clean_fileid_4_doa26_spk1_4.wav,4.0,1,clean_spk1,80.0,84.0,26,3.9939535809999143,4.0,84.0,84.00014459999966,0.00014459999965765746,0.5,1,1.0000017214285672,0.9984883952499786,2,1882. It will be seen therefore.,1,It will be seen therefore.,"on the 6th of December, 1882.",79.96,81.17999999999999
5,1,clean_fileid_5_doa338_spk1_1.wav,4.0,1,clean_spk1,84.0,88.0,338,3.9909598659996846,4.0,88.0,88.00013467499957,0.000134674999571871,0.5,1,1.0000015303977223,0.9977399664999211,1,How true!,2,How true! When one has the honor,,84.64,87.46
5,2,clean_fileid_5_doa338_spk1_2.wav,4.0,1,clean_spk1,88.0,92.0,338,3.992646820000118,4.0,92.0,92.00011996099965,0.0001199609996547224,0.5,1,1.0000013039239093,0.9981617050000295,2,When one has the honor of being an expert as a master is,2,"of being an expert as a master is , one mustn't let himself open to",How true! When one has the honor,87.72,91.14
5,3,clean_fileid_5_doa338_spk1_3.wav,4.0,1,clean_spk1,92.0,96.0,338,3.9956220699996265,4.0,96.0,96.00014159900002,0.00014159900001686765,0.5,1,1.0000014749895836,0.9989055174999066,2,", one mustn't let himself open to cause he didn't have time to complete",2,cause he didn't have time to complete the complement. And then midst,"of being an expert as a master is , one mustn't let himself open to",91.97999999999999,95.5
5,4,clean_fileid_5_doa338_spk1_4.wav,4.0,1,clean_spk1,96.0,100.0,338,3.995481748000202,4.0,100.0,100.0002046189993,0.0002046189993052394,0.5,1,1.000002046189993,0.9988704370000505,2,"the complement. And then midst of the general silence, a voice became",2,"of the general silence, a voice became audible.",cause he didn't have time to complete the complement. And then midst,95.67999999999999,98.46
6,1,clean_fileid_6_doa140_spk1_1.wav,4.0,1,clean_spk1,100.0,104.0,140,3.98867582999992,4.0,104.0,104.00014195199947,0.00014195199946698267,0.5,1,1.000001364923072,0.99716895749998,2,audible. He bore up the loudest,2,He bore up the loudest and under his blouse an old black coat,,100.39999999999999,103.5
6,2,clean_fileid_6_doa140_spk1_2.wav,4.0,1,clean_spk1,104.0,108.0,140,3.9928847549999773,4.0,108.0,108.00014186699991,0.00014186699991114438,0.5,1,1.0000013135833326,0.9982211887499943,2,and under his blouse an old black coat . He made pretensions to,2,. He made pretensions to literature and to materialism,He bore up the loudest and under his blouse an old black coat,104.58,107.24
6,3,clean_fileid_6_doa140_spk1_3.wav,4.0,1,clean_spk1,108.0,112.0,140,3.994905196000218,4.0,112.0,112.000156608,0.00015660799999750452,0.5,1,1.0000013982857143,0.9987262990000545,2,literature and to materialism . There were certain names which he often,2,. There were certain names which he often pronounced to support whatever things,. He made pretensions to literature and to materialism,107.97999999999999,111.28
6,4,clean_fileid_6_doa140_spk1_4.wav,4.0,1,clean_spk1,112.0,116.0,140,3.9927489310002784,4.0,116.0,116.00015294999957,0.00015294999957404798,0.5,1,1.0000013185344792,0.9981872327500696,2,pronounced to support whatever things he might be saying. Volta,2,he might be saying. Volta ire.,. There were certain names which he often pronounced to support whatever things,111.69999999999999,113.97999999999999
7,1,clean_fileid_7_doa57_spk1_1.wav,4.0,1,clean_spk1,116.0,120.0,57,3.99355985999955,4.0,120.0,120.00013505900006,0.00013505900005839067,0.5,1,1.0000011254916672,0.9983899649998875,2,ire. Those bullet holes in the back,2,Those bullet holes in the back of the car were fired from above,,116.33999999999999,119.22
7,2,clean_fileid_7_doa57_spk1_2.wav,4.0,1,clean_spk1,120.0,124.0,57,3.9939666039999793,4.0,124.0,124.00014140699932,0.00014140699931886047,0.5,1,1.0000011403790268,0.9984916509999948,2,of the car were fired from above and behind the machine. They,2,"and behind the machine. They slanted down, but not sideways",Those bullet holes in the back of the car were fired from above,119.74,123.3
7,3,clean_fileid_7_doa57_spk1_3.wav,4.0,1,clean_spk1,124.0,128.0,57,3.9948565459999372,4.0,128.0,128.00014366100004,0.00014366100003826432,0.5,1,1.0000011223515628,0.9987141364999843,2,"slanted down, but not sideways .",1,.,"and behind the machine. They slanted down, but not sideways",124.16,124.161
8,1,clean_fileid_8_doa333_spk1_1.wav,4.0,1,clean_spk1,128.0,132.0,333,3.991011659999458,4.0,132.0,132.0001318730001,0.00013187300010031322,0.5,1,1.0000009990378795,0.9977529149998645,1,They wanted to learn the game,2,"They wanted to learn the game . At 2 o'clock, the",,128.35999999999999,131.51999999999998
8,2,clean_fileid_8_doa333_spk1_2.wav,4.0,1,clean_spk1,132.0,136.0,333,3.9950348970005507,4.0,136.0,136.00014207599997,0.0001420759999746224,0.5,1,1.0000010446764704,0.9987587242501377,2,". At 2 o'clock, the captain asked the mate how we were getting on",2,"captain asked the mate how we were getting on . Oh, pretty glibly","They wanted to learn the game . At 2 o'clock, the",131.64,135.54
8,3,clean_fileid_8_doa333_spk1_3.wav,4.0,1,clean_spk1,136.0,140.0,333,3.9924546610000107,4.0,140.0,140.00013862800006,0.00013862800005881581,0.5,1,1.0000009902000004,0.9981136652500027,2,". Oh, pretty glibly , sir, replied the mate. We can",2,", sir, replied the mate. We can scarcely tell what headway we are making","captain asked the mate how we were getting on . Oh, pretty glibly",135.72,139.0
8,4,clean_fileid_8_doa333_spk1_4.wav,4.0,1,clean_spk1,140.0,144.0,333,3.995144431999506,4.0,144.0,144.00018081599956,0.0001808159995562164,0.5,1,1.0000012556666635,0.9987861079998765,2,"scarcely tell what headway we are making , for we are obliged to keep the middle of the river",2,", for we are obliged to keep the middle of the river . And there is the shadow of a fog rising",", sir, replied the mate. We can scarcely tell what headway we are making",139.76,143.57999999999998
8,5,clean_fileid_8_doa333_spk1_5.wav,4.0,1,clean_spk1,144.0,148.0,333,3.993035557999974,4.0,148.0,148.00014133199966,0.00014133199965726817,0.5,1,1.0000009549459437,0.9982588894999935,2,. And there is the shadow of a fog rising .,1,.,", for we are obliged to keep the middle of the river . And there is the shadow of a fog rising",144.2,144.201
9,1,clean_fileid_9_doa314_spk1_1.wav,4.0,1,clean_spk1,148.0,152.0,314,3.993199953999465,4.0,152.0,152.0001608019993,0.00016080199930001982,0.5,1,1.0000010579078902,0.9982999884998662,1,The deaf gentlemen submitted,2,The deaf gentlemen submitted . Why did you invite yourself,,148.26,151.14
9,2,clean_fileid_9_doa314_spk1_2.wav,4.0,1,clean_spk1,152.0,156.0,314,3.9898425139999745,4.0,156.0,156.0001243279994,0.00012432799940143013,0.5,1,1.0000007969743552,0.9974606284999936,2,. Why did you invite yourself ? Because a tea party is not,2,? Because a tea party is not complete without a woman. Her,The deaf gentlemen submitted . Why did you invite yourself,151.6,155.5
9,3,clean_fileid_9_doa314_spk1_3.wav,4.0,1,clean_spk1,156.0,160.0,314,3.9938657370003057,4.0,160.0,160.0001607639997,0.00016076399970188504,0.5,1,1.000001004774998,0.9984664342500764,2,complete without a woman. Her manner was as strangely altered as her,2,manner was as strangely altered as her looks. That she was,? Because a tea party is not complete without a woman. Her,155.7,159.5
9,4,clean_fileid_9_doa314_spk1_4.wav,4.0,1,clean_spk1,160.0,164.0,314,3.9934017709992986,4.0,164.0,164.00015505400006,0.00015505400006077252,0.5,1,1.00000094545122,0.9983504427498247,2,looks. That she was beside herself for the moment I clearly saw,2,beside herself for the moment I clearly saw .,manner was as strangely altered as her looks. That she was,159.66,161.861
10,1,clean_fileid_10_doa3_spk1_1.wav,4.0,1,clean_spk1,164.0,168.0,3,3.9945245159997285,4.0,168.0,168.00018249200002,0.00018249200002173893,0.5,1,1.0000010862619049,0.9986311289999321,2,. Here he saw clients when,2,Here he saw clients when Mr. Carlisle was out or engaged,,164.38,167.22
10,2,clean_fileid_10_doa3_spk1_2.wav,4.0,1,clean_spk1,168.0,172.0,3,3.99494396099999,4.0,172.0,172.00012644099934,0.00012644099933822872,0.5,1,1.0000007351220892,0.9987359902499975,2,"Mr. Carlisle was out or engaged , and here he issued private orders",2,", and here he issued private orders . A little window, not",Here he saw clients when Mr. Carlisle was out or engaged,167.76,171.51999999999998
10,3,clean_fileid_10_doa3_spk1_3.wav,4.0,1,clean_spk1,172.0,176.0,3,3.994516234999537,4.0,176.0,176.00015182599964,0.0001518259996373672,0.5,1,1.0000008626477253,0.9986290587498843,2,". A little window, not larger than a pane of glass, looked out",2,"larger than a pane of glass, looked out from the clerk's office. They called it",", and here he issued private orders . A little window, not",171.73999999999998,175.54
10,4,clean_fileid_10_doa3_spk1_4.wav,4.0,1,clean_spk1,176.0,180.0,3,3.9927794450004512,4.0,180.0,180.00017182899956,0.00017182899955514586,0.5,1,1.000000954605553,0.9981948612501128,2,"from the clerk's office. They called it ""Old Dills People"" and wished",2,"""Old Dills People"" and wished it anywhere else.","larger than a pane of glass, looked out from the clerk's office. They called it",175.72,178.76
11,1,clean_fileid_11_doa264_spk1_1.wav,4.0,1,clean_spk1,180.0,184.0,264,3.9944985659994927,4.0,184.0,184.000177635,0.0001776350000000093,0.5,1,1.0000009654076087,0.9986246414998732,2,it anywhere else. Seize me bowling along the,2,Seize me bowling along the road straight when he delivers himself,,180.22,183.38
11,2,clean_fileid_11_doa264_spk1_2.wav,4.0,1,clean_spk1,184.0,188.0,264,3.993220162000398,4.0,188.0,188.00013350500012,0.00013350500012165867,0.5,1,1.0000007101329793,0.9983050405000995,2,"road straight when he delivers himself of the yell, pure and simple",2,"of the yell, pure and simple . At Perry's Burg I",Seize me bowling along the road straight when he delivers himself,183.94,187.4
11,3,clean_fileid_11_doa264_spk1_3.wav,4.0,1,clean_spk1,188.0,192.0,264,3.9943787829997746,4.0,192.0,192.00012584700016,0.0001258470001630485,0.5,1,1.0000006554531258,0.9985946957499436,2,. At Perry's Burg I strike the famous Mommy Pike,2,"strike the famous Mommy Pike , 40 miles of stone","of the yell, pure and simple . At Perry's Burg I",187.78,191.32
11,4,clean_fileid_11_doa264_spk1_4.wav,4.0,1,clean_spk1,192.0,196.0,264,3.9951388550007323,4.0,196.0,196.0001050439996,0.00010504399961064337,0.5,1,1.0000005359387736,0.9987847137501831,2,", 40 miles of stone road, almost a dead level",2,"road, almost a dead level .","strike the famous Mommy Pike , 40 miles of stone",191.79999999999998,193.761
12,1,clean_fileid_12_doa38_spk1_1.wav,4.0,1,clean_spk1,196.0,200.0,38,3.9949110979996476,4.0,200.0,200.00016149199928,0.00016149199927895097,0.5,1,1.0000008074599964,0.9987277744999119,2,. Of any other matter,2,Of any other matter which might have been praying upon her,,196.29999999999998,199.48
12,2,clean_fileid_12_doa38_spk1_2.wav,4.0,1,clean_spk1,200.0,204.0,38,3.994645474000208,4.0,204.0,204.00013217200012,0.00013217200012149988,0.5,1,1.0000006479019614,0.998661368500052,2,which might have been praying upon her husband's mind recently.,2,husband's mind recently. Mrs. Madison knew of,Of any other matter which might have been praying upon her,199.62,203.46
12,3,clean_fileid_12_doa38_spk1_3.wav,4.0,1,clean_spk1,204.0,208.0,38,3.993358009000076,4.0,208.0,208.00013749299978,0.0001374929997837171,0.5,1,1.0000006610240375,0.998339502250019,2,Mrs. Madison knew of none what-up.,2,none what-up. The coroner intimated that her,husband's mind recently. Mrs. Madison knew of,203.76,207.26
12,4,clean_fileid_12_doa38_spk1_4.wav,4.0,1,clean_spk1,208.0,212.0,38,3.9934949610005788,4.0,212.0,212.00013093799953,0.00013093799952912377,0.5,1,1.0000006176320733,0.9983737402501447,2,"The coroner intimated that her ordeal was at an end, and the",3,"ordeal was at an end, and the veiled lady made her way to the door .",none what-up. The coroner intimated that her,207.66,211.721
12,5,clean_fileid_12_doa38_spk1_5.wav,4.0,1,clean_spk1,212.0,216.0,38,3.9946091120000347,4.0,216.0,216.00014532399928,0.000145323999277025,0.5,1,1.000000672796293,0.9986522780000087,2,veiled lady made her way to the door .,0,,"ordeal was at an end, and the veiled lady made her way to the door .",,
13,1,clean_fileid_13_doa5_spk1_1.wav,4.0,1,clean_spk1,216.0,220.0,5,3.993724881000162,4.0,220.0,220.0001808199995,0.0001808199995139148,0.5,1,1.0000008219090888,0.9984312202500405,1,No matter how difficult,2,"No matter how difficult , he must succeed it or",,216.29999999999998,219.51999999999998
13,2,clean_fileid_13_doa5_spk1_2.wav,4.0,1,clean_spk1,220.0,224.0,5,3.9955589279998094,4.0,224.0,224.0001332089996,0.00013320899961399846,0.5,1,1.000000594683034,0.9988897319999523,2,", he must succeed it or die.",2,"die. They did not think long, but","No matter how difficult , he must succeed it or",219.72,223.54
13,3,clean_fileid_13_doa5_spk1_3.wav,4.0,1,clean_spk1,224.0,228.0,5,3.994747024999924,4.0,228.0,228.0001858629994,0.0001858629993876093,0.5,1,1.0000008151885937,0.998686756249981,2,"They did not think long, but replied, ""Let him build your",2,"replied, ""Let him build your majesty in one day","die. They did not think long, but",223.64,227.06
13,4,clean_fileid_13_doa5_spk1_4.wav,4.0,1,clean_spk1,228.0,232.0,5,3.9931754720000754,4.0,232.0,232.00014704099976,0.00014704099976370344,0.5,1,1.0000006337974128,0.9982938680000188,2,majesty in one day a more beautiful palace than this,2,a more beautiful palace than this . And if he fails in the attempt,"replied, ""Let him build your majesty in one day",227.62,231.23999999999998
13,5,clean_fileid_13_doa5_spk1_5.wav,4.0,1,clean_spk1,232.0,236.0,5,3.992012317999979,4.0,236.0,236.00014462299987,0.0001446229998691706,0.5,1,1.0000006128093215,0.9980030794999948,1,. And if he fails in the attempt,0,,a more beautiful palace than this . And if he fails in the attempt,,
14,1,clean_fileid_14_doa181_spk1_1.wav,4.0,1,clean_spk1,236.0,240.0,181,3.9946286949998466,4.0,240.0,240.00013409699932,0.00013409699931798968,0.5,1,1.0000005587374972,0.9986571737499617,1,This was a curious consolation,2,This was a curious consolation . The two spent hours together,,236.28,239.35999999999999
14,2,clean_fileid_14_doa181_spk1_2.wav,4.0,1,clean_spk1,240.0,244.0,181,3.994663378000041,4.0,244.0,244.00023739399967,0.00023739399966871133,0.5,1,1.0000009729262282,0.9986658445000103,2,. The two spent hours together sometimes in the tiny parlor,2,"sometimes in the tiny parlor , stumbling over Berlin wall difficulties",This was a curious consolation . The two spent hours together,239.73999999999998,242.98
14,3,clean_fileid_14_doa181_spk1_3.wav,4.0,1,clean_spk1,244.0,248.0,181,3.9953047210001387,4.0,248.0,248.0003208879998,0.0003208879998055636,0.5,1,1.000001293903225,0.9988261802500347,2,", stumbling over Berlin wall difficulties and now and then wandering true and fro",2,"and now and then wandering true and fro , conversationally, from Priscilla","sometimes in the tiny parlor , stumbling over Berlin wall difficulties",243.68,247.54
14,4,clean_fileid_14_doa181_spk1_4.wav,4.0,1,clean_spk1,248.0,252.0,181,3.9950449089992617,4.0,252.0,252.00013759099966,0.00013759099965682253,0.5,1,1.0000005459960304,0.9987612272498154,2,", conversationally, from Priscilla to the octagon stitch, and from the",2,"to the octagon stitch, and from the octagon stitch to the denis.","and now and then wandering true and fro , conversationally, from Priscilla",247.79999999999998,251.26
14,5,clean_fileid_14_doa181_spk1_5.wav,4.0,1,clean_spk1,252.0,256.0,181,3.9939078960005645,4.0,256.0,256.000139363,0.0001393630000166013,0.5,1,1.0000005443867188,0.9984769740001411,2,octagon stitch to the denis. you,3,you you .,"to the octagon stitch, and from the octagon stitch to the denis.",253.2,254.40300000000002
15,1,clean_fileid_15_doa266_spk1_1.wav,4.0,1,clean_spk1,256.0,260.0,266,3.9919044929993106,4.0,260.0,260.0001356919993,0.0001356919992758776,0.5,1,1.000000521892305,0.9979761232498277,2,you .,1,"When unsure, he followed his favorites like",,256.56,259.56
15,2,clean_fileid_15_doa266_spk1_2.wav,4.0,1,clean_spk1,260.0,264.0,266,3.9945790859992485,4.0,264.0,264.00012976699963,0.00012976699963473948,0.5,1,1.0000004915416654,0.9986447714998121,2,"When unsure, he followed his favorites like a dog and was never known",2,"a dog and was never known to root, except in","When unsure, he followed his favorites like",259.82000000000005,263.46000000000004
15,3,clean_fileid_15_doa266_spk1_3.wav,4.0,1,clean_spk1,264.0,268.0,266,3.9950889199999438,4.0,268.0,268.00019180099935,0.00019180099934601458,0.5,1,1.0000007156753707,0.9987722299999859,2,"to root, except in speech and appearance he was the counterpart",2,"speech and appearance he was the counterpart of a happy, good-nature","a dog and was never known to root, except in",263.66,267.32000000000005
15,4,clean_fileid_15_doa266_spk1_4.wav,4.0,1,clean_spk1,268.0,272.0,266,3.992686880999827,4.0,272.0,272.0001469429999,0.000146942999890598,0.5,1,1.0000005402316172,0.9981717202499567,2,"of a happy, good-nature d, and well-cared-for household dog",2,"d, and well-cared-for household dog .","speech and appearance he was the counterpart of a happy, good-nature",267.6,270.141
16,1,clean_fileid_16_doa36_spk1_1.wav,4.0,1,clean_spk1,272.0,276.0,36,3.992569196000659,4.0,276.0,276.00013970799955,0.00013970799955131952,0.5,1,1.000000506188404,0.9981422990001647,2,. One hot summer day,2,"One hot summer day , a few months after the marriage",,271.82000000000005,274.86
16,2,clean_fileid_16_doa36_spk1_2.wav,4.0,1,clean_spk1,276.0,280.0,36,3.9945964230000754,4.0,280.0,280.0001273909993,0.0001273909992960398,0.5,1,1.0000004549678547,0.9986491057500189,2,", a few months after the marriage , Juliet returning to the consulate",2,", Juliet returning to the consulate after a morning spent in very active","One hot summer day , a few months after the marriage",275.76000000000005,279.46000000000004
16,3,clean_fileid_16_doa36_spk1_3.wav,4.0,1,clean_spk1,280.0,284.0,36,3.995323279999866,4.0,284.0,284.0001519319994,0.00015193199942586944,0.5,1,1.000000534971829,0.9988308199999665,2,after a morning spent in very active exercise upon a tennis court,2,"exercise upon a tennis court , was met on the doorstep by",", Juliet returning to the consulate after a morning spent in very active",279.86,283.52000000000004
16,4,clean_fileid_16_doa36_spk1_4.wav,4.0,1,clean_spk1,284.0,288.0,36,3.9940793639998446,4.0,288.0,288.0001473659995,0.00014736599950992968,0.5,1,1.0000005116874984,0.9985198409999612,2,", was met on the doorstep by Dora, the youngest of the Cl",2,"Dora, the youngest of the Cl arence Butchers.","exercise upon a tennis court , was met on the doorstep by",283.74,286.68
17,1,clean_fileid_17_doa99_spk1_1.wav,4.0,1,clean_spk1,288.0,292.0,99,3.9937082070000542,4.0,292.0,292.00013732499974,0.000137324999741395,0.5,1,1.000000470291095,0.9984270517500136,2,arence Butchers. Wasn't she later on engaged to,2,Wasn't she later on engaged to a man whom she really loved? Yes,,288.3,291.56
17,2,clean_fileid_17_doa99_spk1_2.wav,4.0,1,clean_spk1,292.0,296.0,99,3.9956914929998675,4.0,296.0,296.00015422699926,0.0001542269992569345,0.5,1,1.0000005210371596,0.9989228732499669,2,"a man whom she really loved? Yes , that was it. And during all the time",2,", that was it. And during all the time she kept up her old liaison",Wasn't she later on engaged to a man whom she really loved? Yes,291.82000000000005,294.70000000000005
17,3,clean_fileid_17_doa99_spk1_3.wav,4.0,1,clean_spk1,296.0,300.0,99,3.99479142600012,4.0,300.0,300.00020184499954,0.0002018449995375704,0.5,1,1.000000672816665,0.99869785650003,2,she kept up her old liaison . The author wanted to show that a woman can,2,". The author wanted to show that a woman can love in two ways, a man only in",", that was it. And during all the time she kept up her old liaison",295.20000000000005,299.5
17,4,clean_fileid_17_doa99_spk1_4.wav,4.0,1,clean_spk1,300.0,304.0,99,3.9942446860004566,4.0,304.0,304.0001203949996,0.00012039499961247202,0.5,1,1.000000396036183,0.9985611715001141,2,"love in two ways, a man only in one. That's true enough, isn't it",2,"one. That's true enough, isn't it ? Certainly.",". The author wanted to show that a woman can love in two ways, a man only in",299.68,302.34000000000003
18,1,clean_fileid_18_doa181_spk1_1.wav,4.0,1,clean_spk1,304.0,308.0,181,3.9953916939994087,4.0,308.0,308.00014446800014,0.00014446800014411565,0.5,1,1.0000004690519486,0.9988479234998522,2,? Certainly. And don't I hope that first,2,And don't I hope that first picture turns out good? It was,,303.82000000000005,307.56
18,2,clean_fileid_18_doa181_spk1_2.wav,4.0,1,clean_spk1,308.0,312.0,181,3.995369096000104,4.0,312.0,312.0001540590001,0.00015405900012410711,0.5,1,1.0000004937788465,0.998842274000026,2,picture turns out good? It was a remarkable pose if only the,2,a remarkable pose if only the focus was right.,And don't I hope that first picture turns out good? It was,307.72,310.74
18,3,clean_fileid_18_doa181_spk1_3.wav,4.0,1,clean_spk1,312.0,316.0,181,3.9931538969995017,4.0,316.0,316.0001134159993,0.00011341599929437507,0.5,1,1.0000003589113902,0.9982884742498754,2,focus was right. He started toward the cabin door as,2,He started toward the cabin door as though anxious to develop his role of film,a remarkable pose if only the focus was right.,311.82000000000005,315.40000000000003
18,4,clean_fileid_18_doa181_spk1_4.wav,4.0,1,clean_spk1,316.0,320.0,181,3.9951847269994687,4.0,320.0,320.00011721400006,0.00011721400005626492,0.5,1,1.0000003662937502,0.9987961817498672,2,though anxious to develop his role of film and discover what success his labour,2,and discover what success his labour had resulted in.,He started toward the cabin door as though anxious to develop his role of film,315.76000000000005,318.76000000000005
19,1,clean_fileid_19_doa340_spk1_1.wav,4.0,1,clean_spk1,320.0,324.0,340,3.9950298009998733,4.0,324.0,324.00009978399976,9.978399975807406e-05,0.5,1,1.000000307975308,0.9987574502499683,2,had resulted in. The injuries to,2,The injuries to .cova had delayed the march so greatly,,320.12,323.52000000000004
19,2,clean_fileid_19_doa340_spk1_2.wav,4.0,1,clean_spk1,324.0,328.0,340,3.994340657000066,4.0,328.0,328.0001167849996,0.00011678499959089095,0.5,1,1.000000356051828,0.9985851642500165,2,.cova had delayed the march so greatly that it was decided to give up,2,"that it was decided to give up the expedition, which was arrayed",The injuries to .cova had delayed the march so greatly,324.06,327.56
19,3,clean_fileid_19_doa340_spk1_3.wav,4.0,1,clean_spk1,328.0,332.0,340,3.994927990999713,4.0,332.0,332.0001338279999,0.0001338279998890357,0.5,1,1.0000004030963852,0.9987319977499283,2,"the expedition, which was arrayed upon a small, dark community",2,"upon a small, dark community in retaliation for the destruction","that it was decided to give up the expedition, which was arrayed",327.72,331.26000000000005
19,4,clean_fileid_19_doa340_spk1_4.wav,4.0,1,clean_spk1,332.0,336.0,340,3.9948522929998944,4.0,336.0,336.00012021600014,0.00012021600014122669,0.5,1,1.0000003577857146,0.9987130732499736,2,in retaliation for the destruction of the incubator until,2,of the incubator until after the great games.,"upon a small, dark community in retaliation for the destruction",331.94,335.20000000000005
19,5,clean_fileid_19_doa340_spk1_5.wav,4.0,1,clean_spk1,336.0,340.0,340,3.995614359000683,4.0,340.0,340.0001507050001,0.00015070500012370758,0.5,1,1.0000004432500003,0.9989035897501708,2,after the great games. (blows kiss),1,(blows kiss),of the incubator until after the great games.,335.32000000000005,336.90000000000003
20,1,clean_fileid_20_doa68_spk1_1.wav,4.0,1,clean_spk1,340.0,344.0,68,3.9943919540000934,4.0,344.0,344.0001414669996,0.00014146699959383113,0.5,1,1.000000411241278,0.9985979885000233,1,Alenin was about,2,Alenin was about to approach the dead body and had,,340.40000000000003,343.54
20,2,clean_fileid_20_doa68_spk1_2.wav,4.0,1,clean_spk1,344.0,348.0,68,3.995304641000075,4.0,348.0,348.00012531599987,0.0001253159998668707,0.5,1,1.000000360103448,0.9988261602500188,2,to approach the dead body and had begun to look at it when the brother,2,begun to look at it when the brother looking up at him from under his,Alenin was about to approach the dead body and had,343.72,347.58000000000004
20,3,clean_fileid_20_doa68_spk1_3.wav,4.0,1,clean_spk1,348.0,352.0,68,3.9953112989996953,4.0,352.0,352.00010646600003,0.00010646600003383355,0.5,1,1.0000003024602273,0.9988278247499238,2,looking up at him from under his brows with calm contempt,2,brows with calm contempt . Sit something sharply and,begun to look at it when the brother looking up at him from under his,347.78000000000003,351.3
20,4,clean_fileid_20_doa68_spk1_4.wav,4.0,1,clean_spk1,352.0,356.0,68,3.9955857879995165,4.0,356.0,356.00013415299964,0.00013415299963526195,0.5,1,1.0000003768342687,0.9988964469998791,2,. Sit something sharply and angrily.,1,angrily.,brows with calm contempt . Sit something sharply and,351.68,352.46000000000004
21,1,clean_fileid_21_doa34_spk1_1.wav,4.0,1,clean_spk1,356.0,360.0,34,3.9946395450006094,4.0,360.0,360.000137991,0.00013799099997413578,0.5,1,1.0000003833083333,0.9986598862501523,1,We then went to work to make,2,We then went to work to make clothes after the pattern of the Natch,,356.28000000000003,359.34000000000003
21,2,clean_fileid_21_doa34_spk1_2.wav,4.0,1,clean_spk1,360.0,364.0,34,3.9944044489993757,4.0,364.0,364.000128832,0.00012883199997304473,0.5,1,1.0000003539340658,0.9986011122498439,2,"clothes after the pattern of the Natch eli Eskimo, and the sewing went on",2,"eli Eskimo, and the sewing went on early and late",We then went to work to make clothes after the pattern of the Natch,359.62,362.44
21,3,clean_fileid_21_doa34_spk1_3.wav,4.0,1,clean_spk1,364.0,368.0,34,3.9947034759998132,4.0,368.0,368.00011842799995,0.00011842799995065434,0.5,1,1.0000003218152174,0.9986758689999533,2,early and late . Thick and rachsome thin ones,2,. Thick and rachsome thin ones . Heavy breeches and light. Winter stock,"eli Eskimo, and the sewing went on early and late",363.68,367.58000000000004
21,4,clean_fileid_21_doa34_spk1_4.wav,4.0,1,clean_spk1,368.0,372.0,34,3.994576605000475,4.0,372.0,372.00016155699996,0.00016155699995579198,0.5,1,1.0000004342930107,0.9986441512501187,2,. Heavy breeches and light. Winter stock ings and summer stockings.,1,ings and summer stockings.,. Thick and rachsome thin ones . Heavy breeches and light. Winter stock,367.90000000000003,369.58000000000004
22,1,clean_fileid_22_doa345_spk1_1.wav,4.0,1,clean_spk1,372.0,376.0,345,3.9948190850000174,4.0,376.0,376.0001253219998,0.0001253219998034183,0.5,1,1.000000333303191,0.9987047712500043,1,They have nearly gone to work,2,They have nearly gone to work in a business-like manner and used,,372.3,375.46000000000004
22,2,clean_fileid_22_doa345_spk1_2.wav,4.0,1,clean_spk1,376.0,380.0,345,3.9949790190003114,4.0,380.0,380.0001147089997,0.00011470899971754989,0.5,1,1.0000003018657888,0.9987447547500778,2,in a business-like manner and used their wits and common sense in educating,2,their wits and common sense in educating the voters. Really my,They have nearly gone to work in a business-like manner and used,375.74,379.48
22,3,clean_fileid_22_doa345_spk1_3.wav,4.0,1,clean_spk1,380.0,384.0,345,3.995554904000528,4.0,384.0,384.0001214389995,0.00012143899948569015,0.5,1,1.0000003162473945,0.998888726000132,2,"the voters. Really my dears, I'm more proud of you today",2,"dears, I'm more proud of you today than I've ever been before,"" he concluded",their wits and common sense in educating the voters. Really my,379.74,383.36
22,4,clean_fileid_22_doa345_spk1_4.wav,4.0,1,clean_spk1,384.0,388.0,345,3.9906022440000015,4.0,388.0,388.0001350829998,0.00013508299980458105,0.5,1,1.0000003481520614,0.9976505610000004,2,"than I've ever been before,"" he concluded .",1,.,"dears, I'm more proud of you today than I've ever been before,"" he concluded",384.46000000000004,384.461
23,1,clean_fileid_23_doa212_spk1_1.wav,4.0,1,clean_spk1,388.0,392.0,212,3.993863643999248,4.0,392.0,392.00012539899944,0.0001253989994438598,0.5,1,1.0000003198954068,0.998465910999812,1,When his cries were heard,2,When his cries were heard by a farmer who was walking home from town,,388.54,391.52000000000004
23,2,clean_fileid_23_doa212_spk1_2.wav,4.0,1,clean_spk1,392.0,396.0,212,3.9928919149997455,4.0,396.0,396.00012876799974,0.00012876799974037567,0.5,1,1.0000003251717164,0.9982229787499364,2,by a farmer who was walking home from town and he was brought back to his father's house,2,and he was brought back to his father's house . He was so tired and excited,When his cries were heard by a farmer who was walking home from town,391.90000000000003,395.42
23,3,clean_fileid_23_doa212_spk1_3.wav,4.0,1,clean_spk1,396.0,400.0,212,3.994913858000473,4.0,400.0,400.00014724299945,0.0001472429994464619,0.5,1,1.0000003681074987,0.9987284645001182,2,. He was so tired and excited that he did not know what was happening,2,that he did not know what was happening to him.,and he was brought back to his father's house . He was so tired and excited,396.04,398.32000000000005
23,4,clean_fileid_23_doa212_spk1_4.wav,4.0,1,clean_spk1,400.0,404.0,212,3.9943785590003245,4.0,404.0,404.00033371799964,0.0003337179996378836,0.5,1,1.0000008260346527,0.9985946397500811,2,"to him. By chance, David's father knew that he had disappeared",2,"By chance, David's father knew that he had disappeared .",that he did not know what was happening to him.,399.02000000000004,402.261
24,1,clean_fileid_24_doa289_spk1_1.wav,4.0,1,clean_spk1,404.0,408.0,289,3.9915077619998556,4.0,408.0,408.0001419709997,0.0001419709997207974,0.5,1,1.0000003479681365,0.9978769404999639,1,.,1,"I had not forgotten the livid, jagged furrows and Mercer",,404.22,407.40000000000003
24,2,clean_fileid_24_doa289_spk1_2.wav,4.0,1,clean_spk1,408.0,412.0,289,3.993230246999701,4.0,412.0,412.0001639989996,0.0001639989995965152,0.5,1,1.0000003980558243,0.9983075617499253,2,"I had not forgotten the livid, jagged furrows and Mercer 's side.",2,"'s side. Quickly as I shot to the ladder, she was there before me","I had not forgotten the livid, jagged furrows and Mercer",407.62,411.36
24,3,clean_fileid_24_doa289_spk1_3.wav,4.0,1,clean_spk1,412.0,416.0,289,3.9932632049994936,4.0,416.0,416.0001462989994,0.00014629899942519842,0.5,1,1.0000003516802871,0.9983158012498734,2,"Quickly as I shot to the ladder, she was there before me , a dim, wavering white shape",2,", a dim, wavering white shape , waiting. I paused,","'s side. Quickly as I shot to the ladder, she was there before me",411.74,415.58000000000004
24,4,clean_fileid_24_doa289_spk1_4.wav,4.0,1,clean_spk1,416.0,420.0,289,3.9929409039996244,4.0,420.0,420.0001623499993,0.00016234999930020422,0.5,1,1.0000003865476175,0.9982352259999061,2,", waiting. I paused, holding to a rung of a ladder with one",2,holding to a rung of a ladder with one hand,", a dim, wavering white shape , waiting. I paused,",415.70000000000005,417.821
25,1,clean_fileid_25_doa112_spk1_1.wav,4.0,1,clean_spk1,420.0,424.0,112,3.993700990999969,4.0,424.0,424.0001199769995,0.00011997699948551599,0.5,1,1.0000002829646215,0.9984252477499922,2,hand . There was the sweetness of the Mayflower,2,. There was the sweetness of the Mayflower and the strength of the young oak,,420.1,422.94
25,2,clean_fileid_25_doa112_spk1_2.wav,4.0,1,clean_spk1,424.0,428.0,112,3.9956361280001147,4.0,428.0,428.00011485199957,0.00011485199956950964,0.5,1,1.0000002683457934,0.9989090320000287,2,"and the strength of the young oak , but one could easily divine that she was",2,", but one could easily divine that she was one of the souls by nature pitched too high",. There was the sweetness of the Mayflower and the strength of the young oak,423.34000000000003,427.56
25,3,clean_fileid_25_doa112_spk1_3.wav,4.0,1,clean_spk1,428.0,432.0,112,3.995434366999689,4.0,432.0,432.00016797399985,0.0001679739998508012,0.5,1,1.0000003888287035,0.9988585917499222,2,one of the souls by nature pitched too high by suffering plunged too low,2,by suffering plunged too low .,", but one could easily divine that she was one of the souls by nature pitched too high",428.0,429.861
26,1,clean_fileid_26_doa34_spk1_1.wav,4.0,1,clean_spk1,432.0,436.0,34,3.9935497769993162,4.0,436.0,436.00015516299936,0.0001551629993628012,0.5,1,1.000000355878439,0.9983874442498291,2,. They came from the east,2,"They came from the east , west, north and south",,432.14000000000004,435.1
26,2,clean_fileid_26_doa34_spk1_2.wav,4.0,1,clean_spk1,436.0,440.0,34,3.9954595979997976,4.0,440.0,440.00013597999987,0.00013597999986814102,0.5,1,1.0000003090454543,0.9988648994999494,2,", west, north and south . All sorry to know of her illness",2,. All sorry to know of her illness and bringing presents with them,"They came from the east , west, north and south",435.84000000000003,439.46000000000004
26,3,clean_fileid_26_doa34_spk1_3.wav,4.0,1,clean_spk1,440.0,444.0,34,3.992334026000208,4.0,444.0,444.0001747669994,0.00017476699940743856,0.5,1,1.000000393619368,0.998083506500052,2,and bringing presents with them . Sometimes it was,2,. Sometimes it was a little live bird or squirrel,. All sorry to know of her illness and bringing presents with them,440.26000000000005,442.82000000000005
26,4,clean_fileid_26_doa34_spk1_4.wav,4.0,1,clean_spk1,444.0,448.0,34,3.994120624000061,4.0,448.0,448.0001329500001,0.00013295000007929048,0.5,1,1.000000296763393,0.9985301560000153,2,a little live bird or squirrel . A delicious salmon trout,2,. A delicious salmon trout .,. Sometimes it was a little live bird or squirrel,443.88,445.761
27,1,clean_fileid_27_doa173_spk1_1.wav,4.0,1,clean_spk1,448.0,452.0,173,3.992936603999624,4.0,452.0,452.0001010819997,0.00010108199967362452,0.5,1,1.0000002236327425,0.998234150999906,1,.,1,It seems that the public admire her as much as I have done,,448.40000000000003,451.48
27,2,clean_fileid_27_doa173_spk1_2.wav,4.0,1,clean_spk1,452.0,456.0,173,3.995394586999282,4.0,456.0,456.0000888049999,8.880499990482349e-05,0.5,1,1.0000001947478068,0.9988486467498205,2,It seems that the public admire her as much as I have done . I shall find her,3,. I shall find her someday that she will return to me,It seems that the public admire her as much as I have done,451.64000000000004,455.98
27,3,clean_fileid_27_doa173_spk1_3.wav,4.0,1,clean_spk1,456.0,460.0,173,3.9951080079999883,4.0,460.0,460.00012030499965,0.00012030499965476338,0.5,1,1.000000261532608,0.9987770019999971,2,someday that she will return to me,1,. Still think you love her?,. I shall find her someday that she will return to me,456.74,459.44
27,4,clean_fileid_27_doa173_spk1_4.wav,4.0,1,clean_spk1,460.0,464.0,173,3.995602168000005,4.0,464.0,464.0001408049993,0.00014080499931878876,0.5,1,1.0000003034590503,0.9989005420000012,2,. Still think you love her? I observed reproachfully.,3,"I observed reproachfully. Yes, always .",. Still think you love her?,459.70000000000005,463.521
27,5,clean_fileid_27_doa173_spk1_5.wav,4.0,1,clean_spk1,464.0,468.0,173,3.993336577000264,4.0,468.0,468.0002021,0.0002021000000240747,0.5,1,1.0000004318376068,0.998334144250066,2,"Yes, always .",0,,"I observed reproachfully. Yes, always .",,
28,1,clean_fileid_28_doa217_spk1_1.wav,4.0,1,clean_spk1,468.0,472.0,217,3.9946092320005846,4.0,472.0,472.00022963099946,0.00022963099945627619,0.5,1,1.0000004865063548,0.9986523080001461,1,Fell far short,2,"Fell far short . Don't look back, grunted vendor",,468.26000000000005,471.3
28,2,clean_fileid_28_doa217_spk1_2.wav,4.0,1,clean_spk1,472.0,476.0,217,3.9944561170004818,4.0,476.0,476.0001021219996,0.00010212199958914425,0.5,1,1.000000214542016,0.9986140292501204,2,". Don't look back, grunted vendor . Stretch yourself, Walter. There's a surprise",2,". Stretch yourself, Walter. There's a surprise coming. Hope to God I judged the","Fell far short . Don't look back, grunted vendor",471.70000000000005,475.56
28,3,clean_fileid_28_doa217_spk1_3.wav,4.0,1,clean_spk1,476.0,480.0,217,3.995368550999956,4.0,480.0,480.00010981299965,0.00010981299965351354,0.5,1,1.0000002287770826,0.998842137749989,2,coming. Hope to God I judged the time right. We,2,time right. We turned off the ruin way.,". Stretch yourself, Walter. There's a surprise coming. Hope to God I judged the",475.70000000000005,479.40000000000003
28,4,clean_fileid_28_doa217_spk1_4.wav,4.0,1,clean_spk1,480.0,484.0,217,3.9954032010000446,4.0,484.0,484.00010155400014,0.00010155400013900362,0.5,1,1.0000002098223144,0.9988508002500112,2,turned off the ruin way. [BLANK,1,[BLANK,time right. We turned off the ruin way.,481.16,481.161
29,1,clean_fileid_29_doa111_spk1_1.wav,4.0,1,clean_spk1,484.0,488.0,111,3.994897223999942,4.0,488.0,488.0001288579997,0.0001288579996980843,0.5,1,1.0000002640532781,0.9987243059999855,1,My father was and,2,My father was and still is receiver general,,484.36,487.16
29,2,clean_fileid_29_doa111_spk1_2.wav,4.0,1,clean_spk1,488.0,492.0,111,3.994949789000202,4.0,492.0,492.00017210499936,0.00017210499936481938,0.5,1,1.0000003498069092,0.9987374472500505,2,still is receiver general at sea. He has a great,2,at sea. He has a great reputation there for loyalty,My father was and still is receiver general,487.6,490.98
29,3,clean_fileid_29_doa111_spk1_3.wav,4.0,1,clean_spk1,492.0,496.0,111,3.9955366739995952,4.0,496.0,496.0001302089995,0.0001302089995078859,0.5,1,1.0000002625181441,0.9988841684998988,2,"reputation there for loyalty , thanks to which she was able to find",2,", thanks to which she was able to find the security which he needed in order",at sea. He has a great reputation there for loyalty,492.02000000000004,495.46000000000004
29,4,clean_fileid_29_doa111_spk1_4.wav,4.0,1,clean_spk1,496.0,500.0,111,3.9947930819998874,4.0,500.0,500.0001900999996,0.00019009999959962443,0.5,1,1.0000003801999993,0.9986982704999718,2,the security which he needed in order to attain this position,1,to attain this position,", thanks to which she was able to find the security which he needed in order",495.70000000000005,496.62
30,1,clean_fileid_30_doa12_spk1_1.wav,4.0,1,clean_spk1,500.0,504.0,12,3.9934874889995626,4.0,504.0,504.00012917499953,0.00012917499952891376,0.5,1,1.0000002562996022,0.9983718722498907,1,which covered them down to the ankles,2,"which covered them down to the ankles , and which they wore winter",,500.28000000000003,503.20000000000005
30,2,clean_fileid_30_doa12_spk1_2.wav,4.0,1,clean_spk1,504.0,508.0,12,3.9934205890003796,4.0,508.0,508.0001369219999,0.00013692199991055531,0.5,1,1.0000002695314958,0.9983551472500949,2,", and which they wore winter and summer. Women commonly",2,and summer. Women commonly wore a long loose cloak,"which covered them down to the ankles , and which they wore winter",503.62,507.1
30,3,clean_fileid_30_doa12_spk1_3.wav,4.0,1,clean_spk1,508.0,512.0,12,3.9943340070003615,4.0,512.0,512.000134166,0.0001341659999525291,0.5,1,1.0000002620429687,0.9985835017500904,2,"wore a long loose cloak with a hood, a fashion which has come",2,"with a hood, a fashion which has come in at the present day. The",and summer. Women commonly wore a long loose cloak,507.66,511.54
30,4,clean_fileid_30_doa12_spk1_4.wav,4.0,1,clean_spk1,512.0,516.0,12,3.9930260500004806,4.0,516.0,516.0000807449997,8.074499965005089e-05,0.5,1,1.0000001564825574,0.9982565125001202,2,in at the present day. The overgramments were fastened by brooches,2,"overgramments were fastened by brooches , pins, buttons.","with a hood, a fashion which has come in at the present day. The",511.66,515.22
31,1,clean_fileid_31_doa53_spk1_1.wav,4.0,1,clean_spk1,516.0,520.0,53,3.9948138959998687,4.0,520.0,520.0001219819997,0.00012198199965496315,0.5,1,1.0000002345807686,0.9987034739999672,2,", pins, buttons. This was the porter",2,This was the porter who had been killed by Dirk Habou,,516.5400000000001,519.5600000000001
31,2,clean_fileid_31_doa53_spk1_2.wav,4.0,1,clean_spk1,520.0,524.0,53,3.9954975029995694,4.0,524.0,524.0001258490001,0.0001258490001418977,0.5,1,1.0000002401698476,0.9988743757498924,2,"who had been killed by Dirk Habou k, below by the",2,"k, below by the lights of the torch which was thrust between",This was the porter who had been killed by Dirk Habou,519.7,523.28
31,3,clean_fileid_31_doa53_spk1_3.wav,4.0,1,clean_spk1,524.0,528.0,53,3.99501135599985,4.0,528.0,528.0001259229994,0.00012592299935931806,0.5,1,1.000000238490529,0.9987528389999625,2,lights of the torch which was thrust between the paving stones this head,2,the paving stones this head could be vaguely distinguished.,"k, below by the lights of the torch which was thrust between",523.66,527.5400000000001
31,4,clean_fileid_31_doa53_spk1_4.wav,4.0,1,clean_spk1,528.0,532.0,53,3.995110847000433,4.0,532.0,532.0002059649996,0.00020596499962266535,0.5,1,1.000000387152255,0.9987777117501082,2,could be vaguely distinguished. Nothing could be stranger in that som,3,Nothing could be stranger in that som ber and uncertain gleam .,the paving stones this head could be vaguely distinguished.,527.88,531.781
31,5,clean_fileid_31_doa53_spk1_5.wav,4.0,1,clean_spk1,532.0,536.0,53,3.993047605999891,4.0,536.0,536.0001189919994,0.00011899199944309657,0.5,1,1.000000221999999,0.9982619014999727,2,ber and uncertain gleam .,1,.,Nothing could be stranger in that som ber and uncertain gleam .,535.44,535.441
32,1,clean_fileid_32_doa102_spk1_1.wav,4.0,1,clean_spk1,536.0,540.0,102,3.9950119510003788,4.0,540.0,540.0001253989994,0.0001253989994438598,0.5,1,1.0000002322203694,0.9987529877500947,2,. Let me be obsequious,2,Let me be obsequious in thy heart and take thou my,,536.44,539.38
32,2,clean_fileid_32_doa102_spk1_2.wav,4.0,1,clean_spk1,540.0,544.0,102,3.9953605210002934,4.0,544.0,544.0001105129995,0.00011051299952669069,0.5,1,1.0000002031488961,0.9988401302500733,2,"in thy heart and take thou my oblation, poor but free",2,"oblation, poor but free , which is not mixed with seconds",Let me be obsequious in thy heart and take thou my,539.62,542.9200000000001
32,3,clean_fileid_32_doa102_spk1_3.wav,4.0,1,clean_spk1,544.0,548.0,102,3.994210247999945,4.0,548.0,548.0001100999998,0.00011009999980160501,0.5,1,1.0000002009124085,0.9985525619999862,2,", which is not mixed with seconds . No is no art, but mutual render",2,". No is no art, but mutual render . Only me for","oblation, poor but free , which is not mixed with seconds",543.62,547.34
32,4,clean_fileid_32_doa102_spk1_4.wav,4.0,1,clean_spk1,548.0,552.0,102,3.994806239999889,4.0,552.0,552.0003322980001,0.00033229800010303734,0.5,1,1.0000006019891305,0.9987015599999722,2,. Only me for thee. Hence thou,2,thee. Hence thou subordinate former.,". No is no art, but mutual render . Only me for",547.64,551.1800000000001
32,5,clean_fileid_32_doa102_spk1_5.wav,4.0,1,clean_spk1,552.0,556.0,102,3.9940323900000294,4.0,556.0,556.0001383489998,0.00013834899982612114,0.5,1,1.0000002488291364,0.9985080975000074,2,subordinate former. [BLANK,2,[BLANK _,thee. Hence thou subordinate former.,552.7,554.721
33,1,clean_fileid_33_doa345_spk1_1.wav,4.0,1,clean_spk1,556.0,560.0,345,3.9947117539995816,4.0,560.0,560.0001313960001,0.00013139600014255848,0.5,1,1.0000002346357146,0.9986779384998954,2,_ when i went to sleep last,2,when i went to sleep last night i belonged to governor lucas,,556.78,559.5400000000001
33,2,clean_fileid_33_doa345_spk1_2.wav,4.0,1,clean_spk1,560.0,564.0,345,3.9938718710000103,4.0,564.0,564.0001716359993,0.00017163599932246143,0.5,1,1.0000003043191477,0.9984679677500026,2,night i belonged to governor lucas but i understand that he has been gambling,2,but i understand that he has been gambling all night so i don't know who owns me,when i went to sleep last night i belonged to governor lucas,559.96,563.58
33,3,clean_fileid_33_doa345_spk1_3.wav,4.0,1,clean_spk1,564.0,568.0,345,3.994251095000436,4.0,568.0,568.0001002139998,0.00010021399975812528,0.5,1,1.0000001764330981,0.998562773750109,2,all night so i don't know who owns me this morning such,2,this morning such as the uncertainty of a slave's position,but i understand that he has been gambling all night so i don't know who owns me,563.7,567.22
33,4,clean_fileid_33_doa345_spk1_4.wav,4.0,1,clean_spk1,568.0,572.0,345,3.9957361660008246,4.0,572.0,572.0001710359993,0.00017103599930123892,0.5,1,1.0000002990139847,0.9989340415002061,2,as the uncertainty of a slave's position .,1,.,this morning such as the uncertainty of a slave's position,568.02,568.021
34,1,clean_fileid_34_doa157_spk1_1.wav,4.0,1,clean_spk1,572.0,576.0,157,3.9944044849999045,4.0,576.0,576.000113645,0.00011364500005583977,0.5,1,1.0000001973003474,0.9986011212499761,1,"Therefore, Søen had",2,"Therefore, Søen had fallen on evil days,",,572.5400000000001,575.5400000000001
34,2,clean_fileid_34_doa157_spk1_2.wav,4.0,1,clean_spk1,576.0,580.0,157,3.9944702630000393,4.0,580.0,580.0001228769997,0.00012287699973967392,0.5,1,1.000000211856896,0.9986175657500098,2,"fallen on evil days, for he could not bring himself to paint against",2,for he could not bring himself to paint against his better judgment. He was now running,"Therefore, Søen had fallen on evil days,",575.62,579.48
34,3,clean_fileid_34_doa157_spk1_3.wav,4.0,1,clean_spk1,580.0,584.0,157,3.994338572999368,4.0,584.0,584.000109302,0.00010930200005532242,0.5,1,1.000000187160959,0.998584643249842,2,his better judgment. He was now running a former photographic studio on,2,a former photographic studio on the top of a house in Government Street,for he could not bring himself to paint against his better judgment. He was now running,579.74,583.1800000000001
34,4,clean_fileid_34_doa157_spk1_4.wav,4.0,1,clean_spk1,584.0,588.0,157,3.9948401299998295,4.0,588.0,588.0001137439995,0.00011374399946362246,0.5,1,1.000000193442176,0.9987100324999574,2,the top of a house in Government Street . The accommodation consisted of the,2,. The accommodation consisted of the studio itself.,a former photographic studio on the top of a house in Government Street,583.84,586.8000000000001
35,1,clean_fileid_35_doa24_spk1_1.wav,4.0,1,clean_spk1,588.0,592.0,24,3.9938585279996914,4.0,592.0,592.0001083829993,0.00010838299931492656,0.5,1,1.0000001830793908,0.9984646319999229,2,studio itself. The Western World is,2,The Western World is warned if not armed against,,588.46,591.36
35,2,clean_fileid_35_doa24_spk1_2.wav,4.0,1,clean_spk1,592.0,596.0,24,3.9955671460002122,4.0,596.0,596.0001390719999,0.00013907199991081143,0.5,1,1.0000002333422817,0.9988917865000531,2,warned if not armed against the possibility of it,2,"the possibility of it . In the second place, there is weakness",The Western World is warned if not armed against,591.76,595.36
35,3,clean_fileid_35_doa24_spk1_3.wav,4.0,1,clean_spk1,596.0,600.0,24,3.994429201999992,4.0,600.0,600.0001248839999,0.00012488399988797028,0.5,1,1.00000020814,0.998607300499998,2,". In the second place, there is weakness inherent in the brown man, which will",2,"inherent in the brown man, which will bring his adventure to naught.","the possibility of it . In the second place, there is weakness",595.78,599.0400000000001
35,4,clean_fileid_35_doa24_spk1_4.wav,4.0,1,clean_spk1,600.0,604.0,24,3.9953936239999166,4.0,604.0,604.0001221949997,0.00012219499967613956,0.5,1,1.0000002023096022,0.9988484059999791,2,bring his adventure to naught. From the west he has borrowed all our material,2,From the west he has borrowed all our material achievement and passed our ethical achievement,"inherent in the brown man, which will bring his adventure to naught.",599.82,603.52
35,5,clean_fileid_35_doa24_spk1_5.wav,4.0,1,clean_spk1,604.0,608.0,24,3.9943579549999413,4.0,608.0,608.0001384179996,0.00013841799955116585,0.5,1,1.0000002276611835,0.9985894887499853,2,achievement and passed our ethical achievement by.,1,by.,From the west he has borrowed all our material achievement and passed our ethical achievement,603.96,604.4
36,1,clean_fileid_36_doa269_spk1_1.wav,4.0,1,clean_spk1,608.0,612.0,269,3.995026353999492,4.0,612.0,612.0001083399993,0.00010833999931492144,0.5,1,1.0000001770261426,0.998756588499873,1,The bridge open are,2,The bridge open are a rather far street called St,,608.7,611.5600000000001
36,2,clean_fileid_36_doa269_spk1_2.wav,4.0,1,clean_spk1,612.0,616.0,269,3.995040146000065,4.0,616.0,616.0001545519999,0.00015455199991265545,0.5,1,1.0000002508961037,0.9987600365000162,2,a rather far street called St . Thomas' Street. He,2,. Thomas' Street. He entered it. Here and there were,The bridge open are a rather far street called St,611.82,615.5
36,3,clean_fileid_36_doa269_spk1_3.wav,4.0,1,clean_spk1,616.0,620.0,269,3.9951924789993427,4.0,620.0,620.0001265869996,0.00012658699961320963,0.5,1,1.00000020417258,0.9987981197498357,2,entered it. Here and there were high carved gables and shot fronts,2,high carved gables and shot fronts . He's sent to knocking,. Thomas' Street. He entered it. Here and there were,615.8000000000001,619.44
36,4,clean_fileid_36_doa269_spk1_4.wav,4.0,1,clean_spk1,620.0,624.0,269,3.994620995999867,4.0,624.0,624.0001293999994,0.00012939999942318536,0.5,1,1.000000207371794,0.9986552489999667,2,. He's sent to knocking at the doors again.,2,at the doors again. (silence),high carved gables and shot fronts . He's sent to knocking,619.76,623.5400000000001
37,1,clean_fileid_37_doa104_spk1_1.wav,4.0,1,clean_spk1,624.0,628.0,104,3.9955775019998327,4.0,628.0,628.0001741400001,0.00017414000012649922,0.5,1,1.000000277292994,0.9988943754999582,2,(silence) And there was much comment,2,And there was much comment on this evidence of a declining,,624.22,627.0600000000001
37,2,clean_fileid_37_doa104_spk1_2.wav,4.0,1,clean_spk1,628.0,632.0,104,3.9911129629999778,4.0,632.0,632.0001462679993,0.0001462679992982885,0.5,1,1.0000002314367078,0.9977782407499944,2,on this evidence of a declining industry. It was not,2,industry. It was not at once recognized that there,And there was much comment on this evidence of a declining,627.62,631.52
37,3,clean_fileid_37_doa104_spk1_3.wav,4.0,1,clean_spk1,632.0,636.0,104,3.9940480249997563,4.0,636.0,636.0001155089994,0.00011550899944268167,0.5,1,1.0000001816179236,0.9985120062499391,2,at once recognized that there was embodied in horse flesh,3,was embodied in horse flesh more horsepower than ever before.,industry. It was not at once recognized that there,631.66,636.34
37,4,clean_fileid_37_doa104_spk1_4.wav,4.0,1,clean_spk1,636.0,640.0,104,3.995350311999573,4.0,640.0,640.0001364780001,0.0001364780000585597,0.5,1,1.000000213246875,0.9988375779998933,2,more horsepower than ever before.,0,,was embodied in horse flesh more horsepower than ever before.,,
38,1,clean_fileid_38_doa1_spk1_1.wav,4.0,1,clean_spk1,640.0,644.0,1,3.994000032999793,4.0,644.0,644.0001369769998,0.00013697699978365563,0.5,1,1.0000002126972047,0.9985000082499482,1,What's up on the time there,2,What's up on the time there was an old widow woman who had three,,640.64,643.48
38,2,clean_fileid_38_doa1_spk1_2.wav,4.0,1,clean_spk1,644.0,648.0,1,3.9947407829995427,4.0,648.0,648.0000990079998,9.900799977913266e-05,0.5,1,1.0000001527901232,0.9986851957498857,2,was an old widow woman who had three sons. The first two were,2,"sons. The first two were clever enough, but the",What's up on the time there was an old widow woman who had three,643.78,647.46
38,3,clean_fileid_38_doa1_spk1_3.wav,4.0,1,clean_spk1,648.0,652.0,1,3.9953494140008843,4.0,652.0,652.0001212099996,0.00012120999963372014,0.5,1,1.0000001859049075,0.9988373535002211,2,"clever enough, but the third bobo by name",2,third bobo by name was a little better than the Sufi Sim,"sons. The first two were clever enough, but the",647.6800000000001,651.5400000000001
38,4,clean_fileid_38_doa1_spk1_4.wav,4.0,1,clean_spk1,652.0,656.0,1,3.9947255409997524,4.0,656.0,656.0001168969993,0.00011689699931594077,0.5,1,1.0000001781966452,0.9986813852499381,2,was a little better than the Sufi Sim pleton. All his,2,pleton. All his mother's folding and beatings,third bobo by name was a little better than the Sufi Sim,651.74,655.16
38,5,clean_fileid_38_doa1_spk1_5.wav,4.0,1,clean_spk1,656.0,660.0,1,3.9953405169999314,4.0,660.0,660.0001161229993,0.00011612299931584857,0.5,1,1.0000001759439383,0.9988351292499829,1,mother's folding and beatings,0,,pleton. All his mother's folding and beatings,,
39,1,clean_fileid_39_doa250_spk1_1.wav,4.0,1,clean_spk1,660.0,664.0,250,3.995860021000226,4.0,664.0,664.0001763109994,0.00017631099944992457,0.5,1,1.0000002655286135,0.9989650052500565,1,But he made his way down,2,But he made his way down to the Ford under the palace walls,,659.26,663.2
39,2,clean_fileid_39_doa250_spk1_2.wav,4.0,1,clean_spk1,664.0,668.0,250,3.994019284999922,4.0,668.0,668.0001205489998,0.00012054899980284972,0.5,1,1.0000001804625747,0.9985048212499805,2,to the Ford under the palace walls and stepped into the flooded water,2,"and stepped into the flooded water , inch by inch,",But he made his way down to the Ford under the palace walls,663.58,667.44
39,3,clean_fileid_39_doa250_spk1_3.wav,4.0,1,clean_spk1,668.0,672.0,250,3.994909500999711,4.0,672.0,672.000141474,0.00014147399997455068,0.5,1,1.0000002105267858,0.9987273752499277,2,", inch by inch, and foot by foot he fought his way across",2,"and foot by foot he fought his way across , now nearly swept off his feet","and stepped into the flooded water , inch by inch,",667.74,671.4200000000001
39,4,clean_fileid_39_doa250_spk1_4.wav,4.0,1,clean_spk1,672.0,676.0,250,3.9952172670000436,4.0,676.0,676.00014319,0.00014319000001705717,0.5,1,1.0000002118195266,0.9988043167500109,2,", now nearly swept off his feet by some sudden swirl or eddy",2,by some sudden swirl or eddy now narrowly escaping.,"and foot by foot he fought his way across , now nearly swept off his feet",671.72,675.44
39,5,clean_fileid_39_doa250_spk1_5.wav,4.0,1,clean_spk1,676.0,680.0,250,3.99445667100008,4.0,680.0,680.0001485089997,0.0001485089997004252,0.5,1,1.0000002183955878,0.99861416775002,1,now narrowly escaping.,0,,by some sudden swirl or eddy now narrowly escaping.,,
40,1,clean_fileid_40_doa14_spk1_1.wav,4.0,1,clean_spk1,680.0,684.0,14,3.993960578000042,4.0,684.0,684.0001576329996,0.0001576329996169079,0.5,1,1.0000002304576017,0.9984901445000105,1,We advanced,2,We advanced talking in that fashion and,,680.5600000000001,683.48
40,2,clean_fileid_40_doa14_spk1_2.wav,4.0,1,clean_spk1,684.0,688.0,14,3.992081688000326,4.0,688.0,688.0001342819996,0.00013428199963527732,0.5,1,1.000000195177325,0.9980204220000815,2,"talking in that fashion and in high spirits, and",2,"in high spirits, and congratulating ourselves in",We advanced talking in that fashion and,683.76,687.34
40,3,clean_fileid_40_doa14_spk1_3.wav,4.0,1,clean_spk1,688.0,692.0,14,3.9898656490004214,4.0,692.0,692.000253837,0.0002538369999456336,0.5,1,1.0000003668164739,0.9974664122501053,2,congratulating ourselves in being shut off the transport,2,being shut off the transport and on breathing fine mountain,"in high spirits, and congratulating ourselves in",687.72,691.5600000000001
40,4,clean_fileid_40_doa14_spk1_4.wav,4.0,1,clean_spk1,692.0,696.0,14,3.988588592999804,4.0,696.0,696.0001343489994,0.00013434899938147282,0.5,1,1.0000001930301716,0.997147148249951,2,and on breathing fine mountain air again.,1,air again.,being shut off the transport and on breathing fine mountain,691.96,692.78
41,1,clean_fileid_41_doa116_spk1_1.wav,4.0,1,clean_spk1,696.0,700.0,116,3.9937967839996418,4.0,700.0,700.0002425550001,0.00024255500011349795,0.5,1,1.000000346507143,0.9984491959999104,1,We took rooms at a hotel,2,"We took rooms at a hotel and networked, crowds exploding in our investigation",,696.6,699.44
41,2,clean_fileid_41_doa116_spk1_2.wav,4.0,1,clean_spk1,700.0,704.0,116,3.9944884410006125,4.0,704.0,704.0001327209993,0.00013272099931782577,0.5,1,1.0000001885241467,0.9986221102501531,2,"and networked, crowds exploding in our investigation might take some days.",2,"might take some days. Next morning, instead of going to With","We took rooms at a hotel and networked, crowds exploding in our investigation",700.08,703.5
41,3,clean_fileid_41_doa116_spk1_3.wav,4.0,1,clean_spk1,704.0,708.0,116,3.995289681000031,4.0,708.0,708.000120748,0.00012074799997208174,0.5,1,1.0000001705480226,0.9988224202500078,2,"Next morning, instead of going to With en as I had expected, he",2,"en as I had expected, he took me to the police court.","might take some days. Next morning, instead of going to With",703.64,706.78
41,4,clean_fileid_41_doa116_spk1_4.wav,4.0,1,clean_spk1,708.0,712.0,116,3.9946220069996343,4.0,712.0,712.0001243389997,0.00012433899973984808,0.5,1,1.0000001746334266,0.9986555017499086,2,took me to the police court. [BLANK,2,[BLANK _AUDIO,"en as I had expected, he took me to the police court.",709.14,711.5
42,1,clean_fileid_42_doa76_spk1_1.wav,4.0,1,clean_spk1,712.0,716.0,76,3.994080538000162,4.0,716.0,716.0001583419998,0.0001583419998496538,0.5,1,1.0000002211480445,0.9985201345000405,2,_AUDIO _,2,_ how_can_earthly_words_describe_it,,712.24,715.0400000000001
42,2,clean_fileid_42_doa76_spk1_2.wav,4.0,1,clean_spk1,716.0,720.0,76,3.9931398999997327,4.0,720.0,720.0001358659993,0.0001358659992547473,0.5,1,1.0000001887027767,0.9982849749999332,2,how_can_earthly_words_describe_it .,2,. This is how 10 feet at the shoulder have four,_ how_can_earthly_words_describe_it,716.1,719.28
42,3,clean_fileid_42_doa76_spk1_3.wav,4.0,1,clean_spk1,720.0,724.0,76,3.9937399950003964,4.0,724.0,724.0001363579995,0.00013635799950861838,0.5,1,1.0000001883397782,0.9984349987500991,2,This is how 10 feet at the shoulder have four legs on either side,2,"legs on either side . A broad, flat tail",. This is how 10 feet at the shoulder have four,719.7,723.1800000000001
42,4,clean_fileid_42_doa76_spk1_4.wav,4.0,1,clean_spk1,724.0,728.0,76,3.9930867519997264,4.0,728.0,728.0001086689999,0.00010866899992834078,0.5,1,1.0000001492706043,0.9982716879999316,2,". A broad, flat tail , larger at the tip than at the",3,", larger at the tip than at the root, and which it held .","legs on either side . A broad, flat tail",724.08,727.641
42,5,clean_fileid_42_doa76_spk1_5.wav,4.0,1,clean_spk1,728.0,732.0,76,3.9950680160000047,4.0,732.0,732.0001542099999,0.00015420999989146367,0.5,1,1.0000002106693988,0.9987670040000012,2,"root, and which it held .",0,,", larger at the tip than at the root, and which it held .",,
43,1,clean_fileid_43_doa273_spk1_1.wav,4.0,1,clean_spk1,732.0,736.0,273,3.9909742689997074,4.0,736.0,736.0001295249995,0.00012952499946550233,0.5,1,1.0000001759850536,0.9977435672499269,1,"Odette, Odette",2,"Odette, Odette he whispered. Don't you realize that I",,732.3000000000001,735.48
43,2,clean_fileid_43_doa273_spk1_2.wav,4.0,1,clean_spk1,736.0,740.0,273,3.9952160759994513,4.0,740.0,740.0001171929998,0.00011719299982360099,0.5,1,1.0000001583689186,0.9988040189998628,2,he whispered. Don't you realize that I love you and would give my life to save you,2,love you and would give my life to save you from unhappiness? Won't you tell me,"Odette, Odette he whispered. Don't you realize that I",735.66,739.48
43,3,clean_fileid_43_doa273_spk1_3.wav,4.0,1,clean_spk1,740.0,744.0,273,3.99273447700034,4.0,744.0,744.0001320889996,0.00013208899963501608,0.5,1,1.000000177538978,0.998183619250085,2,from unhappiness? Won't you tell me everything please?,2,"everything please? No, no, no, she murmured with a little catch",love you and would give my life to save you from unhappiness? Won't you tell me,739.74,743.58
43,4,clean_fileid_43_doa273_spk1_4.wav,4.0,1,clean_spk1,744.0,748.0,273,3.9949326930000097,4.0,748.0,748.000136867,0.000136867000037455,0.5,1,1.0000001829772727,0.9987331732500024,2,"No, no, no, she murmured with a little catch in her voice. Please don't ask me",2,in her voice. Please don't ask me .,"everything please? No, no, no, she murmured with a little catch",743.86,745.881
44,1,clean_fileid_44_doa215_spk1_1.wav,4.0,1,clean_spk1,748.0,752.0,215,3.9950613010005327,4.0,752.0,752.0001651069997,0.0001651069997024024,0.5,1,1.0000002195571804,0.9987653252501332,2,. I too have had my,2,I too have had my dream. I too have meditated,,747.66,751.32
44,2,clean_fileid_44_doa215_spk1_2.wav,4.0,1,clean_spk1,752.0,756.0,215,3.9943008199998076,4.0,756.0,756.000115117,0.00011511699995025992,0.5,1,1.000000152271164,0.9985752049999519,2,dream. I too have meditated . I too have sighed,2,. I too have sighed . I too have,I too have had my dream. I too have meditated,751.76,755.34
44,3,clean_fileid_44_doa215_spk1_3.wav,4.0,1,clean_spk1,756.0,760.0,215,3.9955069919997186,4.0,760.0,760.0001782599993,0.00017825999930209946,0.5,1,1.0000002345526307,0.9988767479999296,2,. I too have had a moonlight soul,2,"had a moonlight soul . Love is a child, 6,000 years",. I too have sighed . I too have,755.64,759.48
44,4,clean_fileid_44_doa215_spk1_4.wav,4.0,1,clean_spk1,760.0,764.0,215,3.994820269000229,4.0,764.0,764.0001167179998,0.00011671799984469544,0.5,1,1.000000152772251,0.9987050672500573,2,". Love is a child, 6,000 years old. Love has the right to a",2,old. Love has the right to a long white beard.,"had a moonlight soul . Love is a child, 6,000 years",759.78,763.14
44,5,clean_fileid_44_doa215_spk1_5.wav,4.0,1,clean_spk1,764.0,768.0,215,3.995064010000533,4.0,768.0,768.00014646,0.00014645999999629566,0.5,1,1.000000190703125,0.9987660025001333,1,long white beard.,0,,old. Love has the right to a long white beard.,,
45,1,clean_fileid_45_doa278_spk1_1.wav,4.0,1,clean_spk1,768.0,772.0,278,3.993229426999278,4.0,772.0,772.0001455409993,0.0001455409992558998,0.5,1,1.0000001885246104,0.9983073567498195,1,One lady had a,2,One lady had a fright for the wind blew the,,768.5600000000001,771.44
45,2,clean_fileid_45_doa278_spk1_2.wav,4.0,1,clean_spk1,772.0,776.0,278,3.993165011000201,4.0,776.0,776.0001855709997,0.0001855709997471422,0.5,1,1.0000002391378864,0.9982912527500503,2,fright for the wind blew the end of her shawl within reach of,2,"end of her shawl within reach of a tiger's great claw,",One lady had a fright for the wind blew the,771.6800000000001,775.4
45,3,clean_fileid_45_doa278_spk1_3.wav,4.0,1,clean_spk1,776.0,780.0,278,3.9940928000005442,4.0,780.0,780.0001514369997,0.0001514369996584719,0.5,1,1.0000001941499996,0.9985232000001361,2,"a tiger's great claw, and he clutched it, trying to drag her",2,"and he clutched it, trying to drag her niver. The shawl came","end of her shawl within reach of a tiger's great claw,",775.66,779.36
45,4,clean_fileid_45_doa278_spk1_4.wav,4.0,1,clean_spk1,780.0,784.0,278,3.9948665859992616,4.0,784.0,784.0001414419994,0.0001414419994034688,0.5,1,1.0000001804107135,0.9987166464998154,2,niver. The shawl came off and the poor lady ran away screaming,2,off and the poor lady ran away screaming .,"and he clutched it, trying to drag her niver. The shawl came",779.66,782.341
46,1,clean_fileid_46_doa189_spk1_1.wav,4.0,1,clean_spk1,784.0,788.0,189,3.993911374000163,4.0,788.0,788.000153301,0.0001533009999548085,0.5,1,1.0000001945444161,0.9984778435000408,2,. You'll see the English is,2,You'll see the English is looking Englishman you ever set eyes,,783.64,787.58
46,2,clean_fileid_46_doa189_spk1_2.wav,4.0,1,clean_spk1,788.0,792.0,189,3.9939204590000372,4.0,792.0,792.000164002,0.00016400200001953635,0.5,1,1.0000002070732323,0.9984801147500093,2,looking Englishman you ever set eyes on outside the pages of punch,2,on outside the pages of punch trying to tear my old-fashioned,You'll see the English is looking Englishman you ever set eyes,788.0,791.38
46,3,clean_fileid_46_doa189_spk1_3.wav,4.0,1,clean_spk1,792.0,796.0,189,3.9938747869991857,4.0,796.0,796.0001424889997,0.00014248899969970807,0.5,1,1.0000001790062811,0.9984686967497964,2,trying to tear my old-fashioned doorbell out by the roots,2,doorbell out by the roots . That's your best,on outside the pages of punch trying to tear my old-fashioned,791.74,795.26
46,4,clean_fileid_46_doa189_spk1_4.wav,4.0,1,clean_spk1,796.0,800.0,189,3.994008445999498,4.0,800.0,800.000131414,0.00013141399995220127,0.5,1,1.0000001642675,0.9985021114998744,2,". That's your best makeup, is it Remsen?",1,"makeup, is it Remsen?",doorbell out by the roots . That's your best,795.86,797.08
47,1,clean_fileid_47_doa104_spk1_1.wav,4.0,1,clean_spk1,800.0,804.0,104,3.994991739999932,4.0,804.0,804.0001561869994,0.00015618699944752734,0.5,1,1.000000194262437,0.998747934999983,1,At first under different animal shapes,2,At first under different animal shapes . Since that time partly,,800.2,803.28
47,2,clean_fileid_47_doa104_spk1_2.wav,4.0,1,clean_spk1,804.0,808.0,104,3.9943157890002112,4.0,808.0,808.0001455450001,0.0001455450001230929,0.5,1,1.0000001801299507,0.9985789472500528,2,". Since that time partly from habit and partly to amuse ourselves, we",2,"from habit and partly to amuse ourselves, we have continued to transform ourselves",At first under different animal shapes . Since that time partly,803.6,806.9
47,3,clean_fileid_47_doa104_spk1_3.wav,4.0,1,clean_spk1,808.0,812.0,104,3.9946855160005725,4.0,812.0,812.0000782689995,7.826899945939658e-05,0.5,1,1.0000000963903934,0.9986713790001431,2,have continued to transform ourselves . And it was in this way that I got to know you,2,". And it was in this way that I got to know you . How, exclaimed Jago,","from habit and partly to amuse ourselves, we have continued to transform ourselves",807.44,811.48
47,4,clean_fileid_47_doa104_spk1_4.wav,4.0,1,clean_spk1,812.0,816.0,104,3.9934557100004895,4.0,816.0,816.0001156449998,0.00011564499982341658,0.5,1,1.0000001417218136,0.9983639275001224,2,". How, exclaimed Jago, filled with astonishment.",1,filled with astonishment.,". And it was in this way that I got to know you . How, exclaimed Jago,",811.6,812.76
48,1,clean_fileid_48_doa227_spk1_1.wav,4.0,1,clean_spk1,816.0,820.0,227,3.9952810909999243,4.0,820.0,820.0000683819999,6.838199988123961e-05,0.5,1,1.0000000833926828,0.9988202727499811,1,Apply to her work,2,"Apply to her work , but after a few minutes",,816.3000000000001,819.24
48,2,clean_fileid_48_doa227_spk1_2.wav,4.0,1,clean_spk1,820.0,824.0,227,3.9948642839999593,4.0,824.0,824.0000911419993,9.114199929172173e-05,0.5,1,1.0000001106092224,0.9987160709999898,2,", but after a few minutes , sunk again without knowing it",2,", sunk again without knowing it herself, into Langer endless","Apply to her work , but after a few minutes",819.74,823.34
48,3,clean_fileid_48_doa227_spk1_3.wav,4.0,1,clean_spk1,824.0,828.0,227,3.9954146860000037,4.0,828.0,828.0001238069999,0.00012380699990899302,0.5,1,1.0000001495253623,0.9988536715000009,2,"herself, into Langer endless lessness, moving herself",2,"lessness, moving herself in her chair from the irritation of",", sunk again without knowing it herself, into Langer endless",823.78,827.5400000000001
48,4,clean_fileid_48_doa227_spk1_4.wav,4.0,1,clean_spk1,828.0,832.0,227,3.993145671000093,4.0,832.0,832.000242051,0.00024205099998653168,0.5,1,1.0000002909266827,0.9982864177500232,2,"in her chair from the irritation of weariness, much oftener",2,"weariness, much oftener than she moved her needle.","lessness, moving herself in her chair from the irritation of",827.7,830.76
48,5,clean_fileid_48_doa227_spk1_5.wav,4.0,1,clean_spk1,832.0,836.0,227,3.9948690719993465,4.0,836.0,836.000091289,9.128900001087459e-05,0.5,1,1.0000001091973685,0.9987172679998366,1,than she moved her needle.,0,,"weariness, much oftener than she moved her needle.",,
49,1,clean_fileid_49_doa63_spk1_1.wav,4.0,1,clean_spk1,836.0,840.0,63,3.994638754999869,4.0,840.0,840.0001499330001,0.00014993300010246458,0.5,1,1.0000001784916668,0.9986596887499672,1,by which social wants,2,by which social wants must be satisfied.,,836.3000000000001,839.28
49,2,clean_fileid_49_doa63_spk1_2.wav,4.0,1,clean_spk1,840.0,844.0,63,3.9936314839997067,4.0,844.0,844.0001397999995,0.00013979999948787736,0.5,1,1.0000001656398099,0.9984078709999267,2,must be satisfied. The people do not vote it.,2,The people do not vote it. The legislator does not express,by which social wants must be satisfied.,839.76,843.12
49,3,clean_fileid_49_doa63_spk1_3.wav,4.0,1,clean_spk1,844.0,848.0,63,3.994421640000837,4.0,848.0,848.000146202,0.00014620199999626493,0.5,1,1.000000172408019,0.9986054100002093,2,The legislator does not express it. The savant discovers,2,it. The savant discovers and formulates it. But,The people do not vote it. The legislator does not express,843.66,847.5600000000001
49,4,clean_fileid_49_doa63_spk1_4.wav,4.0,1,clean_spk1,848.0,852.0,63,3.993893086000753,4.0,852.0,852.0000806509997,8.065099973464385e-05,0.5,1,1.0000000946607979,0.9984732715001883,2,"and formulates it. But in fact, the law.",1,"in fact, the law.",it. The savant discovers and formulates it. But,847.8000000000001,848.86
