fileid,chunk_count,chunk_indices,chunk_clean_files,audio_start_sec,audio_end_sec,audio_duration_sec,gt_dominant_spk1_doa,gt_text_file,input_audio_type,reference_text,hypothesis_text,wer,edit_distance,ref_words,hypothesis_text_cleaned,wer_cleaned,edit_distance_cleaned,ref_words_cleaned
0,4,"1,2,3,4",clean_fileid_0_doa73_spk1_1.wav|clean_fileid_0_doa73_spk1_2.wav|clean_fileid_0_doa73_spk1_3.wav|clean_fileid_0_doa73_spk1_4.wav,0.0,16.0,16.0,73,text_fileid_0_doa73_spk1.txt,clean_spk1,BUT BEFORE HIS ARRIVAL LIFE WAS EXTINCT THE COUNT IS INSANE WITH GRIEF MORE ESPECIALLY BECAUSE THE MAID DISCOVERED THAT HER LADYSHIP HAD LEFT A LETTER TO SOME MAN SHE CALLS DICK TELLING HIM THAT SHE LOVED HIM,"but before his arrival, life was extinct. is insane with grief, more especially because the maid discovered that her ladyship had left a letter to some man she calls Dick, telling him that she loved him.",0.05263157894736842,2,38,"but before his arrival, life was extinct. is insane with grief, more especially because the maid discovered that her ladyship had left a letter to some man she calls Dick, telling him that she loved him.",0.05263157894736842,2,38
1,4,"1,2,3,4",clean_fileid_1_doa187_spk1_1.wav|clean_fileid_1_doa187_spk1_2.wav|clean_fileid_1_doa187_spk1_3.wav|clean_fileid_1_doa187_spk1_4.wav,16.0,32.0,16.0,187,text_fileid_1_doa187_spk1.txt,clean_spk1,BUT THE PRECAUTIONS WHICH HAVE BEEN SO HAPPILY CONCERTED IN THE SYSTEM UNDER CONSIDERATION PROMISE AN EFFECTUAL SECURITY AGAINST THIS MISCHIEF THE CHOICE OF SEVERAL TO FORM AN INTERMEDIATE BODY OF ELECTORS,But the precautions which have been so happily concerted in the system under consideration. Promise and effectual security against this mischief. The choice of several to form an intermediate body of electors.,0.03125,1,32,But the precautions which have been so happily concerted in the system under consideration. Promise and effectual security against this mischief. The choice of several to form an intermediate body of electors.,0.03125,1,32
2,5,"1,2,3,4,5",clean_fileid_2_doa36_spk1_1.wav|clean_fileid_2_doa36_spk1_2.wav|clean_fileid_2_doa36_spk1_3.wav|clean_fileid_2_doa36_spk1_4.wav|clean_fileid_2_doa36_spk1_5.wav,32.0,52.0,20.0,36,text_fileid_2_doa36_spk1.txt,clean_spk1,OR WASHING OR CHURNING DAYS HER LIFE WAS QUIET AND MONOTONOUS ALTHOUGH HARD WORKING AND WHILE HER HANDS MECHANICALLY FOUND AND DID THEIR ACCUSTOMED LABOUR THE THOUGHTS THAT ROSE IN HER HEAD ALWAYS CENTRED ON CHARLEY KINRAID HIS WAYS HIS WORDS,"or washing or churning days . Her life was quiet and monotonous, although hard working, and while her hands mechan ically found and did the recustom labor . The thoughts that rose in her head always centered on Charlie Kinraid . His ways , his words.",0.17073170731707318,7,41,"or washing or churning days. Her life was quiet and monotonous, although hard working, and while her hands mechan ically found and did the recustom labor. The thoughts that rose in her head always centered on Charlie Kinraid. His ways, his words.",0.17073170731707318,7,41
3,4,"1,2,3,4",clean_fileid_3_doa39_spk1_1.wav|clean_fileid_3_doa39_spk1_2.wav|clean_fileid_3_doa39_spk1_3.wav|clean_fileid_3_doa39_spk1_4.wav,52.0,68.0,16.0,39,text_fileid_3_doa39_spk1.txt,clean_spk1,WHICH TAKES OVER THE USUAL STREAM OF CONSCIOUSNESS TYPE OF THINKING IT IS IMPLIED THAT THE PROCESS MAY BE ATAVISTIC ONE OF THE NEWER THEORIES ONE HELD BY DOCTOR LEWIS R WOLBERG A PSYCHOANALYST,"which takes over the usual stream of consciousness type of thinking . It is implied that the process may be atavistic. One of the newer theories, one held by Dr. Louis R. Wolberg , a psychoanalyst.",0.058823529411764705,2,34,"which takes over the usual stream of consciousness type of thinking. It is implied that the process may be atavistic. One of the newer theories, one held by Dr. Louis R. Wolberg, a psychoanalyst.",0.058823529411764705,2,34
4,4,"1,2,3,4",clean_fileid_4_doa26_spk1_1.wav|clean_fileid_4_doa26_spk1_2.wav|clean_fileid_4_doa26_spk1_3.wav|clean_fileid_4_doa26_spk1_4.wav,68.0,84.0,16.0,26,text_fileid_4_doa26_spk1.txt,clean_spk1,THE PUBLICATION IF MADE AT ALL SHOULD BE EFFECTED AS SOON AS POSSIBLE AFTER MY DEATH MY FATHER DIED ON THE SIXTH OF DECEMBER EIGHTEEN EIGHTY TWO IT WILL BE SEEN THEREFORE,"The publication , if made at all, should be affected as soon as possible after my death . My father died on the 6th of December, 1882. It will be seen therefore.",0.15625,5,32,"The publication, if made at all, should be affected as soon as possible after my death. My father died on the 6th of December, 1882. It will be seen therefore.",0.15625,5,32
5,4,"1,2,3,4",clean_fileid_5_doa338_spk1_1.wav|clean_fileid_5_doa338_spk1_2.wav|clean_fileid_5_doa338_spk1_3.wav|clean_fileid_5_doa338_spk1_4.wav,84.0,100.0,16.0,338,text_fileid_5_doa338_spk1.txt,clean_spk1,HOW TRUE WHEN ONE HAS THE HONOR OF BEING AN EXPERT AS MASTER IS ONE MUSTN'T LAY HIMSELF OPEN TO CONSEIL DIDN'T HAVE TIME TO COMPLETE THE COMPLIMENT IN THE MIDST OF THE GENERAL SILENCE A VOICE BECAME AUDIBLE,"How true! When one has the honor of being an expert as a master is , one mustn't let himself open to cause he didn't have time to complete the complement. And then midst of the general silence, a voice became audible.",0.1794871794871795,7,39,"How true! When one has the honor of being an expert as a master is, one mustn't let himself open to cause he didn't have time to complete the complement. And then midst of the general silence, a voice became audible.",0.1794871794871795,7,39
6,4,"1,2,3,4",clean_fileid_6_doa140_spk1_1.wav|clean_fileid_6_doa140_spk1_2.wav|clean_fileid_6_doa140_spk1_3.wav|clean_fileid_6_doa140_spk1_4.wav,100.0,116.0,16.0,140,text_fileid_6_doa140_spk1.txt,clean_spk1,HE WORE A BLOUSE AND UNDER HIS BLOUSE AN OLD BLACK COAT HE MADE PRETENSIONS TO LITERATURE AND TO MATERIALISM THERE WERE CERTAIN NAMES WHICH HE OFTEN PRONOUNCED TO SUPPORT WHATEVER THINGS HE MIGHT BE SAYING VOLTAIRE,He bore up the loudest and under his blouse an old black coat . He made pretensions to literature and to materialism . There were certain names which he often pronounced to support whatever things he might be saying. Volta ire.,0.16216216216216217,6,37,He bore up the loudest and under his blouse an old black coat. He made pretensions to literature and to materialism. There were certain names which he often pronounced to support whatever things he might be saying. Volta ire.,0.16216216216216217,6,37
7,3,"1,2,3",clean_fileid_7_doa57_spk1_1.wav|clean_fileid_7_doa57_spk1_2.wav|clean_fileid_7_doa57_spk1_3.wav,116.0,128.0,12.0,57,text_fileid_7_doa57_spk1.txt,clean_spk1,THOSE BULLET HOLES IN THE BACK OF THE CAR WERE FIRED FROM ABOVE AND BEHIND THE MACHINE THEY SLANTED DOWN BUT NOT SIDEWISE,"Those bullet holes in the back of the car were fired from above and behind the machine. They slanted down, but not sideways .",0.043478260869565216,1,23,"Those bullet holes in the back of the car were fired from above and behind the machine. They slanted down, but not sideways.",0.043478260869565216,1,23
8,5,"1,2,3,4,5",clean_fileid_8_doa333_spk1_1.wav|clean_fileid_8_doa333_spk1_2.wav|clean_fileid_8_doa333_spk1_3.wav|clean_fileid_8_doa333_spk1_4.wav|clean_fileid_8_doa333_spk1_5.wav,128.0,148.0,20.0,333,text_fileid_8_doa333_spk1.txt,clean_spk1,THEY WANTED TO LEARN THE GAME AT TWO O'CLOCK THE CAPTAIN ASKED THE MATE HOW WE WERE GETTING ON OH PRETTY GLIBLY SIR REPLIED THE MATE WE CAN SCARCELY TELL WHAT HEADWAY WE ARE MAKING FOR WE ARE OBLIGED TO KEEP THE MIDDLE OF THE RIVER AND THERE IS THE SHADOW OF A FOG RISING,"They wanted to learn the game . At 2 o'clock, the captain asked the mate how we were getting on . Oh, pretty glibly , sir, replied the mate. We can scarcely tell what headway we are making , for we are obliged to keep the middle of the river . And there is the shadow of a fog rising .",0.01818181818181818,1,55,"They wanted to learn the game. At 2 o'clock, the captain asked the mate how we were getting on. Oh, pretty glibly, sir, replied the mate. We can scarcely tell what headway we are making, for we are obliged to keep the middle of the river. And there is the shadow of a fog rising.",0.01818181818181818,1,55
9,4,"1,2,3,4",clean_fileid_9_doa314_spk1_1.wav|clean_fileid_9_doa314_spk1_2.wav|clean_fileid_9_doa314_spk1_3.wav|clean_fileid_9_doa314_spk1_4.wav,148.0,164.0,16.0,314,text_fileid_9_doa314_spk1.txt,clean_spk1,THE DEAF GENTLEMAN SUBMITTED WHY DID YOU INVITE YOURSELF BECAUSE A TEA PARTY IS NOT COMPLETE WITHOUT A WOMAN HER MANNER WAS AS STRANGELY ALTERED AS HER LOOKS THAT SHE WAS BESIDE HERSELF FOR THE MOMENT I CLEARLY SAW,The deaf gentlemen submitted . Why did you invite yourself ? Because a tea party is not complete without a woman. Her manner was as strangely altered as her looks. That she was beside herself for the moment I clearly saw .,0.02564102564102564,1,39,The deaf gentlemen submitted. Why did you invite yourself? Because a tea party is not complete without a woman. Her manner was as strangely altered as her looks. That she was beside herself for the moment I clearly saw.,0.02564102564102564,1,39
10,4,"1,2,3,4",clean_fileid_10_doa3_spk1_1.wav|clean_fileid_10_doa3_spk1_2.wav|clean_fileid_10_doa3_spk1_3.wav|clean_fileid_10_doa3_spk1_4.wav,164.0,180.0,16.0,3,text_fileid_10_doa3_spk1.txt,clean_spk1,HERE HE SAW CLIENTS WHEN MISTER CARLYLE WAS OUT OR ENGAGED AND HERE HE ISSUED PRIVATE ORDERS A LITTLE WINDOW NOT LARGER THAN A PANE OF GLASS LOOKED OUT FROM THE CLERK'S OFFICE THEY CALLED IT OLD DILL'S PEEP HOLE AND WISHED IT ANYWHERE ELSE,"Here he saw clients when Mr. Carlisle was out or engaged , and here he issued private orders . A little window, not larger than a pane of glass, looked out from the clerk's office. They called it ""Old Dills People"" and wished it anywhere else.",0.08888888888888889,4,45,"Here he saw clients when Mr. Carlisle was out or engaged, and here he issued private orders. A little window, not larger than a pane of glass, looked out from the clerk's office. They called it""Old Dills People""and wished it anywhere else.",0.15555555555555556,7,45
11,4,"1,2,3,4",clean_fileid_11_doa264_spk1_1.wav|clean_fileid_11_doa264_spk1_2.wav|clean_fileid_11_doa264_spk1_3.wav|clean_fileid_11_doa264_spk1_4.wav,180.0,196.0,16.0,264,text_fileid_11_doa264_spk1.txt,clean_spk1,SEES ME BOWLING ALONG THE ROAD STRAIGHTWAY DELIVERS HIMSELF OF A YELL PURE AND SIMPLE AT PERRYSBURG I STRIKE THE FAMOUS MAUMEE PIKE FORTY MILES OF STONE ROAD ALMOST A DEAD LEVEL,"Seize me bowling along the road straight when he delivers himself of the yell, pure and simple . At Perry's Burg I strike the famous Mommy Pike , 40 miles of stone road, almost a dead level .",0.28125,9,32,"Seize me bowling along the road straight when he delivers himself of the yell, pure and simple. At Perry's Burg I strike the famous Mommy Pike, 40 miles of stone road, almost a dead level.",0.28125,9,32
12,5,"1,2,3,4,5",clean_fileid_12_doa38_spk1_1.wav|clean_fileid_12_doa38_spk1_2.wav|clean_fileid_12_doa38_spk1_3.wav|clean_fileid_12_doa38_spk1_4.wav|clean_fileid_12_doa38_spk1_5.wav,196.0,216.0,20.0,38,text_fileid_12_doa38_spk1.txt,clean_spk1,OF ANY OTHER MATTER WHICH MIGHT HAVE BEEN PREYING UPON HER HUSBAND'S MIND RECENTLY MISSUS MANDERSON KNEW OF NONE WHATEVER THE CORONER INTIMATED THAT HER ORDEAL WAS AT AN END AND THE VEILED LADY MADE HER WAY TO THE DOOR,"Of any other matter which might have been praying upon her husband's mind recently. Mrs. Madison knew of none what-up. The coroner intimated that her ordeal was at an end, and the veiled lady made her way to the door .",0.1,4,40,"Of any other matter which might have been praying upon her husband's mind recently. Mrs. Madison knew of none what-up. The coroner intimated that her ordeal was at an end, and the veiled lady made her way to the door.",0.1,4,40
13,5,"1,2,3,4,5",clean_fileid_13_doa5_spk1_1.wav|clean_fileid_13_doa5_spk1_2.wav|clean_fileid_13_doa5_spk1_3.wav|clean_fileid_13_doa5_spk1_4.wav|clean_fileid_13_doa5_spk1_5.wav,216.0,236.0,20.0,5,text_fileid_13_doa5_spk1.txt,clean_spk1,NO MATTER HOW DIFFICULT HE MUST SUCCEED IN IT OR DIE THEY DID NOT THINK LONG BUT REPLIED LET HIM BUILD YOUR MAJESTY IN ONE DAY A MORE BEAUTIFUL PALACE THAN THIS AND IF HE FAILS IN THE ATTEMPT,"No matter how difficult , he must succeed it or die. They did not think long, but replied, ""Let him build your majesty in one day a more beautiful palace than this . And if he fails in the attempt",0.02564102564102564,1,39,"No matter how difficult, he must succeed it or die. They did not think long, but replied,""Let him build your majesty in one day a more beautiful palace than this. And if he fails in the attempt",0.07692307692307693,3,39
14,5,"1,2,3,4,5",clean_fileid_14_doa181_spk1_1.wav|clean_fileid_14_doa181_spk1_2.wav|clean_fileid_14_doa181_spk1_3.wav|clean_fileid_14_doa181_spk1_4.wav|clean_fileid_14_doa181_spk1_5.wav,236.0,256.0,20.0,181,text_fileid_14_doa181_spk1.txt,clean_spk1,THIS WAS A CURIOUS CONSOLATION THE TWO SPENT HOURS TOGETHER SOMETIMES IN THE TINY PARLOR STUMBLING OVER BERLIN WOOL DIFFICULTIES AND NOW AND THEN WANDERING TO AND FRO CONVERSATIONALLY FROM PRISCILLA TO THE OCTAGON STITCH AND FROM THE OCTAGON STITCH TO DENIS,"This was a curious consolation . The two spent hours together sometimes in the tiny parlor , stumbling over Berlin wall difficulties and now and then wandering true and fro , conversationally, from Priscilla to the octagon stitch, and from the octagon stitch to the denis. you you .",0.11904761904761904,5,42,"This was a curious consolation. The two spent hours together sometimes in the tiny parlor, stumbling over Berlin wall difficulties and now and then wandering true and fro, conversationally, from Priscilla to the octagon stitch, and from the octagon stitch to the denis. you you.",0.11904761904761904,5,42
15,4,"1,2,3,4",clean_fileid_15_doa266_spk1_1.wav|clean_fileid_15_doa266_spk1_2.wav|clean_fileid_15_doa266_spk1_3.wav|clean_fileid_15_doa266_spk1_4.wav,256.0,272.0,16.0,266,text_fileid_15_doa266_spk1.txt,clean_spk1,WHEN ON SHORE HE FOLLOWED HIS FAVORITES LIKE A DOG AND WAS NEVER KNOWN TO ROOT EXCEPT IN SPEECH AND APPEARANCE HE WAS THE COUNTERPART OF A HAPPY GOOD NATURED AND WELL CARED FOR HOUSEHOLD DOG,"When unsure, he followed his favorites like a dog and was never known to root, except in speech and appearance he was the counterpart of a happy, good-nature d, and well-cared-for household dog .",0.19444444444444445,7,36,"When unsure, he followed his favorites like a dog and was never known to root, except in speech and appearance he was the counterpart of a happy, good-nature d, and well-cared-for household dog.",0.19444444444444445,7,36
16,4,"1,2,3,4",clean_fileid_16_doa36_spk1_1.wav|clean_fileid_16_doa36_spk1_2.wav|clean_fileid_16_doa36_spk1_3.wav|clean_fileid_16_doa36_spk1_4.wav,272.0,288.0,16.0,36,text_fileid_16_doa36_spk1.txt,clean_spk1,ONE HOT SUMMER DAY A FEW MONTHS AFTER THE MARRIAGE JULIET RETURNING TO THE CONSULATE AFTER A MORNING SPENT IN VERY ACTIVE EXERCISE UPON A TENNIS COURT WAS MET ON THE DOORSTEP BY DORA THE YOUNGEST OF THE CLARENCY BUTCHERS,"One hot summer day , a few months after the marriage , Juliet returning to the consulate after a morning spent in very active exercise upon a tennis court , was met on the doorstep by Dora, the youngest of the Cl arence Butchers.",0.05,2,40,"One hot summer day, a few months after the marriage, Juliet returning to the consulate after a morning spent in very active exercise upon a tennis court, was met on the doorstep by Dora, the youngest of the Cl arence Butchers.",0.05,2,40
17,4,"1,2,3,4",clean_fileid_17_doa99_spk1_1.wav|clean_fileid_17_doa99_spk1_2.wav|clean_fileid_17_doa99_spk1_3.wav|clean_fileid_17_doa99_spk1_4.wav,288.0,304.0,16.0,99,text_fileid_17_doa99_spk1.txt,clean_spk1,WASN'T SHE LATER ON ENGAGED TO A MAN WHOM SHE REALLY LOVED YES THAT WAS IT AND DURING ALL THE TIME SHE KEPT UP HER OLD LIAISON THE AUTHOR WANTED TO SHOW THAT A WOMAN CAN LOVE IN TWO WAYS A MAN ONLY IN ONE THAT'S TRUE ENOUGH ISN'T IT CERTAINLY,"Wasn't she later on engaged to a man whom she really loved? Yes , that was it. And during all the time she kept up her old liaison . The author wanted to show that a woman can love in two ways, a man only in one. That's true enough, isn't it ? Certainly.",0.0,0,51,"Wasn't she later on engaged to a man whom she really loved? Yes, that was it. And during all the time she kept up her old liaison. The author wanted to show that a woman can love in two ways, a man only in one. That's true enough, isn't it? Certainly.",0.0,0,51
18,4,"1,2,3,4",clean_fileid_18_doa181_spk1_1.wav|clean_fileid_18_doa181_spk1_2.wav|clean_fileid_18_doa181_spk1_3.wav|clean_fileid_18_doa181_spk1_4.wav,304.0,320.0,16.0,181,text_fileid_18_doa181_spk1.txt,clean_spk1,AND DON'T I HOPE THAT FIRST PICTURE TURNS OUT GOOD IT WAS A REMARKABLE POSE IF ONLY THE FOCUS WAS RIGHT HE STARTED TOWARD THE CABIN DOOR AS THOUGH ANXIOUS TO DEVELOP HIS ROLL OF FILM AND DISCOVER WHAT SUCCESS HIS LABOR HAD RESULTED IN,And don't I hope that first picture turns out good? It was a remarkable pose if only the focus was right. He started toward the cabin door as though anxious to develop his role of film and discover what success his labour had resulted in.,0.044444444444444446,2,45,And don't I hope that first picture turns out good? It was a remarkable pose if only the focus was right. He started toward the cabin door as though anxious to develop his role of film and discover what success his labour had resulted in.,0.044444444444444446,2,45
19,5,"1,2,3,4,5",clean_fileid_19_doa340_spk1_1.wav|clean_fileid_19_doa340_spk1_2.wav|clean_fileid_19_doa340_spk1_3.wav|clean_fileid_19_doa340_spk1_4.wav|clean_fileid_19_doa340_spk1_5.wav,320.0,340.0,20.0,340,text_fileid_19_doa340_spk1.txt,clean_spk1,THE INJURIES TO DAK KOVA HAD DELAYED THE MARCH SO GREATLY THAT IT WAS DECIDED TO GIVE UP THE EXPEDITION WHICH WAS A RAID UPON A SMALL THARK COMMUNITY IN RETALIATION FOR THE DESTRUCTION OF THE INCUBATOR UNTIL AFTER THE GREAT GAMES,"The injuries to .cova had delayed the march so greatly that it was decided to give up the expedition, which was arrayed upon a small, dark community in retaliation for the destruction of the incubator until after the great games. (blows kiss)",0.16666666666666666,7,42,"The injuries to.cova had delayed the march so greatly that it was decided to give up the expedition, which was arrayed upon a small, dark community in retaliation for the destruction of the incubator until after the great games. (blows kiss)",0.19047619047619047,8,42
20,4,"1,2,3,4",clean_fileid_20_doa68_spk1_1.wav|clean_fileid_20_doa68_spk1_2.wav|clean_fileid_20_doa68_spk1_3.wav|clean_fileid_20_doa68_spk1_4.wav,340.0,356.0,16.0,68,text_fileid_20_doa68_spk1.txt,clean_spk1,OLENIN WAS ABOUT TO APPROACH THE DEAD BODY AND HAD BEGUN TO LOOK AT IT WHEN THE BROTHER LOOKING UP AT HIM FROM UNDER HIS BROWS WITH CALM CONTEMPT SAID SOMETHING SHARPLY AND ANGRILY,Alenin was about to approach the dead body and had begun to look at it when the brother looking up at him from under his brows with calm contempt . Sit something sharply and angrily.,0.058823529411764705,2,34,Alenin was about to approach the dead body and had begun to look at it when the brother looking up at him from under his brows with calm contempt. Sit something sharply and angrily.,0.058823529411764705,2,34
21,4,"1,2,3,4",clean_fileid_21_doa34_spk1_1.wav|clean_fileid_21_doa34_spk1_2.wav|clean_fileid_21_doa34_spk1_3.wav|clean_fileid_21_doa34_spk1_4.wav,356.0,372.0,16.0,34,text_fileid_21_doa34_spk1.txt,clean_spk1,WE THEN WENT TO WORK TO MAKE CLOTHES AFTER THE PATTERN OF THE NETCHELLI ESKIMO AND THE SEWING WENT ON EARLY AND LATE THICK ANORAKS AND THIN ONES HEAVY BREECHES AND LIGHT WINTER STOCKINGS AND SUMMER STOCKINGS,"We then went to work to make clothes after the pattern of the Natch eli Eskimo, and the sewing went on early and late . Thick and rachsome thin ones . Heavy breeches and light. Winter stock ings and summer stockings.",0.16216216216216217,6,37,"We then went to work to make clothes after the pattern of the Natch eli Eskimo, and the sewing went on early and late. Thick and rachsome thin ones. Heavy breeches and light. Winter stock ings and summer stockings.",0.16216216216216217,6,37
22,4,"1,2,3,4",clean_fileid_22_doa345_spk1_1.wav|clean_fileid_22_doa345_spk1_2.wav|clean_fileid_22_doa345_spk1_3.wav|clean_fileid_22_doa345_spk1_4.wav,372.0,388.0,16.0,345,text_fileid_22_doa345_spk1.txt,clean_spk1,THEY HAVE MERELY GONE TO WORK IN A BUSINESS LIKE MANNER AND USED THEIR WITS AND COMMON SENSE IN EDUCATING THE VOTERS REALLY MY DEARS I'M MORE PROUD OF YOU TODAY THAN I'VE EVER BEEN BEFORE HE CONCLUDED,"They have nearly gone to work in a business-like manner and used their wits and common sense in educating the voters. Really my dears, I'm more proud of you today than I've ever been before,"" he concluded .",0.07894736842105263,3,38,"They have nearly gone to work in a business-like manner and used their wits and common sense in educating the voters. Really my dears, I'm more proud of you today than I've ever been before,""he concluded.",0.13157894736842105,5,38
23,4,"1,2,3,4",clean_fileid_23_doa212_spk1_1.wav|clean_fileid_23_doa212_spk1_2.wav|clean_fileid_23_doa212_spk1_3.wav|clean_fileid_23_doa212_spk1_4.wav,388.0,404.0,16.0,212,text_fileid_23_doa212_spk1.txt,clean_spk1,WHEN HIS CRIES WERE HEARD BY A FARMER WHO WAS WALKING HOME FROM TOWN AND HE WAS BROUGHT BACK TO HIS FATHER'S HOUSE HE WAS SO TIRED AND EXCITED THAT HE DID NOT KNOW WHAT WAS HAPPENING TO HIM BY CHANCE DAVID'S FATHER KNEW THAT HE HAD DISAPPEARED,"When his cries were heard by a farmer who was walking home from town and he was brought back to his father's house . He was so tired and excited that he did not know what was happening to him. By chance, David's father knew that he had disappeared .",0.0,0,48,"When his cries were heard by a farmer who was walking home from town and he was brought back to his father's house. He was so tired and excited that he did not know what was happening to him. By chance, David's father knew that he had disappeared.",0.0,0,48
24,4,"1,2,3,4",clean_fileid_24_doa289_spk1_1.wav|clean_fileid_24_doa289_spk1_2.wav|clean_fileid_24_doa289_spk1_3.wav|clean_fileid_24_doa289_spk1_4.wav,404.0,420.0,16.0,289,text_fileid_24_doa289_spk1.txt,clean_spk1,I HAD NOT FORGOTTEN THE LIVID JAGGED FURROWS IN MERCER'S SIDE QUICKLY AS I SHOT TO THE LADDER SHE WAS THERE BEFORE ME A DIM WAVERING WHITE SHAPE WAITING I PAUSED HOLDING TO A RUNG OF THE LADDER WITH ONE HAND,"I had not forgotten the livid, jagged furrows and Mercer 's side. Quickly as I shot to the ladder, she was there before me , a dim, wavering white shape , waiting. I paused, holding to a rung of a ladder with one hand",0.0975609756097561,4,41,"I had not forgotten the livid, jagged furrows and Mercer's side. Quickly as I shot to the ladder, she was there before me, a dim, wavering white shape, waiting. I paused, holding to a rung of a ladder with one hand",0.04878048780487805,2,41
25,3,"1,2,3",clean_fileid_25_doa112_spk1_1.wav|clean_fileid_25_doa112_spk1_2.wav|clean_fileid_25_doa112_spk1_3.wav,420.0,432.0,12.0,112,text_fileid_25_doa112_spk1.txt,clean_spk1,THERE WAS THE SWEETNESS OF THE MAYFLOWER AND THE STRENGTH OF THE YOUNG OAK BUT ONE COULD EASILY DIVINE THAT SHE WAS ONE OF THE SOULS BY NATURE PITCHED TOO HIGH BY SUFFERING PLUNGED TOO LOW,". There was the sweetness of the Mayflower and the strength of the young oak , but one could easily divine that she was one of the souls by nature pitched too high by suffering plunged too low .",0.0,0,36,". There was the sweetness of the Mayflower and the strength of the young oak, but one could easily divine that she was one of the souls by nature pitched too high by suffering plunged too low.",0.0,0,36
26,4,"1,2,3,4",clean_fileid_26_doa34_spk1_1.wav|clean_fileid_26_doa34_spk1_2.wav|clean_fileid_26_doa34_spk1_3.wav|clean_fileid_26_doa34_spk1_4.wav,432.0,448.0,16.0,34,text_fileid_26_doa34_spk1.txt,clean_spk1,THEY CAME FROM THE EAST WEST NORTH AND SOUTH ALL SORRY TO KNOW OF HER ILLNESS AND BRINGING PRESENTS WITH THEM SOMETIMES IT WAS A LITTLE LIVE BIRD OR SQUIRREL A DELICIOUS SALMON TROUT,"They came from the east , west, north and south . All sorry to know of her illness and bringing presents with them . Sometimes it was a little live bird or squirrel . A delicious salmon trout .",0.0,0,34,"They came from the east, west, north and south. All sorry to know of her illness and bringing presents with them. Sometimes it was a little live bird or squirrel. A delicious salmon trout.",0.0,0,34
27,5,"1,2,3,4,5",clean_fileid_27_doa173_spk1_1.wav|clean_fileid_27_doa173_spk1_2.wav|clean_fileid_27_doa173_spk1_3.wav|clean_fileid_27_doa173_spk1_4.wav|clean_fileid_27_doa173_spk1_5.wav,448.0,468.0,20.0,173,text_fileid_27_doa173_spk1.txt,clean_spk1,IT SEEMS THAT THE PUBLIC ADMIRE HER AS MUCH AS I HAVE DONE I I SHALL FIND HER SOME DAY THEN SHE WILL RETURN TO ME STILL THINKING OF HER I OBSERVED REPROACHFULLY YES ALWAYS,"It seems that the public admire her as much as I have done . I shall find her someday that she will return to me . Still think you love her? I observed reproachfully. Yes, always .",0.2,7,35,"It seems that the public admire her as much as I have done. I shall find her someday that she will return to me. Still think you love her? I observed reproachfully. Yes, always.",0.2,7,35
28,4,"1,2,3,4",clean_fileid_28_doa217_spk1_1.wav|clean_fileid_28_doa217_spk1_2.wav|clean_fileid_28_doa217_spk1_3.wav|clean_fileid_28_doa217_spk1_4.wav,468.0,484.0,16.0,217,text_fileid_28_doa217_spk1.txt,clean_spk1,FELL FAR SHORT DON'T LOOK BACK GRUNTED VENTNOR STRETCH YOURSELF WALTER THERE'S A SURPRISE COMING HOPE TO GOD I JUDGED THE TIME RIGHT WE TURNED OFF THE RUINED WAY,"Fell far short . Don't look back, grunted vendor . Stretch yourself, Walter. There's a surprise coming. Hope to God I judged the time right. We turned off the ruin way. [BLANK",0.10344827586206896,3,29,"Fell far short. Don't look back, grunted vendor. Stretch yourself, Walter. There's a surprise coming. Hope to God I judged the time right. We turned off the ruin way. BLANK",0.10344827586206896,3,29
29,4,"1,2,3,4",clean_fileid_29_doa111_spk1_1.wav|clean_fileid_29_doa111_spk1_2.wav|clean_fileid_29_doa111_spk1_3.wav|clean_fileid_29_doa111_spk1_4.wav,484.0,500.0,16.0,111,text_fileid_29_doa111_spk1.txt,clean_spk1,MY FATHER WAS AND STILL IS RECEVEUR GENERAL AT C HE HAS A GREAT REPUTATION THERE FOR LOYALTY THANKS TO WHICH HE WAS ABLE TO FIND THE SECURITY WHICH HE NEEDED IN ORDER TO ATTAIN THIS POSITION,"My father was and still is receiver general at sea. He has a great reputation there for loyalty , thanks to which she was able to find the security which he needed in order to attain this position",0.08108108108108109,3,37,"My father was and still is receiver general at sea. He has a great reputation there for loyalty, thanks to which she was able to find the security which he needed in order to attain this position",0.08108108108108109,3,37
30,4,"1,2,3,4",clean_fileid_30_doa12_spk1_1.wav|clean_fileid_30_doa12_spk1_2.wav|clean_fileid_30_doa12_spk1_3.wav|clean_fileid_30_doa12_spk1_4.wav,500.0,516.0,16.0,12,text_fileid_30_doa12_spk1.txt,clean_spk1,WHICH COVERED THEM DOWN TO THE ANKLES AND WHICH THEY WORE WINTER AND SUMMER WOMEN COMMONLY WORE A LONG LOOSE CLOAK WITH A HOOD A FASHION WHICH IS COMMON AT THE PRESENT DAY THE OVER GARMENTS WERE FASTENED BY BROOCHES PINS BUTTONS,"which covered them down to the ankles , and which they wore winter and summer. Women commonly wore a long loose cloak with a hood, a fashion which has come in at the present day. The overgramments were fastened by brooches , pins, buttons.",0.11904761904761904,5,42,"which covered them down to the ankles, and which they wore winter and summer. Women commonly wore a long loose cloak with a hood, a fashion which has come in at the present day. The overgramments were fastened by brooches, pins, buttons.",0.11904761904761904,5,42
31,5,"1,2,3,4,5",clean_fileid_31_doa53_spk1_1.wav|clean_fileid_31_doa53_spk1_2.wav|clean_fileid_31_doa53_spk1_3.wav|clean_fileid_31_doa53_spk1_4.wav|clean_fileid_31_doa53_spk1_5.wav,516.0,536.0,20.0,53,text_fileid_31_doa53_spk1.txt,clean_spk1,THIS WAS THE PORTER WHO HAD BEEN KILLED BY LE CABUC BELOW BY THE LIGHTS OF THE TORCH WHICH WAS THRUST BETWEEN THE PAVING STONES THIS HEAD COULD BE VAGUELY DISTINGUISHED NOTHING COULD BE STRANGER IN THAT SOMBRE AND UNCERTAIN GLEAM,"This was the porter who had been killed by Dirk Habou k, below by the lights of the torch which was thrust between the paving stones this head could be vaguely distinguished. Nothing could be stranger in that som ber and uncertain gleam . .",0.12195121951219512,5,41,"This was the porter who had been killed by Dirk Habou k, below by the lights of the torch which was thrust between the paving stones this head could be vaguely distinguished. Nothing could be stranger in that som ber and uncertain gleam..",0.12195121951219512,5,41
32,5,"1,2,3,4,5",clean_fileid_32_doa102_spk1_1.wav|clean_fileid_32_doa102_spk1_2.wav|clean_fileid_32_doa102_spk1_3.wav|clean_fileid_32_doa102_spk1_4.wav|clean_fileid_32_doa102_spk1_5.wav,536.0,556.0,20.0,102,text_fileid_32_doa102_spk1.txt,clean_spk1,LET ME BE OBSEQUIOUS IN THY HEART AND TAKE THOU MY OBLATION POOR BUT FREE WHICH IS NOT MIX'D WITH SECONDS KNOWS NO ART BUT MUTUAL RENDER ONLY ME FOR THEE HENCE THOU SUBORNED INFORMER,"Let me be obsequious in thy heart and take thou my oblation, poor but free , which is not mixed with seconds . No is no art, but mutual render . Only me for thee. Hence thou subordinate former. [BLANK _",0.17142857142857143,6,35,"Let me be obsequious in thy heart and take thou my oblation, poor but free, which is not mixed with seconds. No is no art, but mutual render. Only me for thee. Hence thou subordinate former. BLANK _",0.17142857142857143,6,35
33,4,"1,2,3,4",clean_fileid_33_doa345_spk1_1.wav|clean_fileid_33_doa345_spk1_2.wav|clean_fileid_33_doa345_spk1_3.wav|clean_fileid_33_doa345_spk1_4.wav,556.0,572.0,16.0,345,text_fileid_33_doa345_spk1.txt,clean_spk1,WHEN I WENT TO SLEEP LAST NIGHT I BELONGED TO GOVERNOR LUCAS BUT I UNDERSTAND DAT HE IS BIN GAMBLING ALL NIGHT SO I DON'T KNOW WHO OWNS ME DIS MORNING SUCH IS THE UNCERTAINTY OF A SLAVE'S POSITION,when i went to sleep last night i belonged to governor lucas but i understand that he has been gambling all night so i don't know who owns me this morning such as the uncertainty of a slave's position .,0.1282051282051282,5,39,when i went to sleep last night i belonged to governor lucas but i understand that he has been gambling all night so i don't know who owns me this morning such as the uncertainty of a slave's position.,0.1282051282051282,5,39
34,4,"1,2,3,4",clean_fileid_34_doa157_spk1_1.wav|clean_fileid_34_doa157_spk1_2.wav|clean_fileid_34_doa157_spk1_3.wav|clean_fileid_34_doa157_spk1_4.wav,572.0,588.0,16.0,157,text_fileid_34_doa157_spk1.txt,clean_spk1,THEREFORE SELLEN HAD FALLEN ON EVIL DAYS FOR HE COULD NOT BRING HIMSELF TO PAINT AGAINST HIS BETTER JUDGMENT HE WAS NOW RENTING A FORMER PHOTOGRAPHIC STUDIO ON THE TOP OF A HOUSE IN GOVERNMENT STREET THE ACCOMMODATION CONSISTED OF THE STUDIO ITSELF,"Therefore, Søen had fallen on evil days, for he could not bring himself to paint against his better judgment. He was now running a former photographic studio on the top of a house in Government Street . The accommodation consisted of the studio itself.",0.046511627906976744,2,43,"Therefore, Søen had fallen on evil days, for he could not bring himself to paint against his better judgment. He was now running a former photographic studio on the top of a house in Government Street. The accommodation consisted of the studio itself.",0.046511627906976744,2,43
35,5,"1,2,3,4,5",clean_fileid_35_doa24_spk1_1.wav|clean_fileid_35_doa24_spk1_2.wav|clean_fileid_35_doa24_spk1_3.wav|clean_fileid_35_doa24_spk1_4.wav|clean_fileid_35_doa24_spk1_5.wav,588.0,608.0,20.0,24,text_fileid_35_doa24_spk1.txt,clean_spk1,THE WESTERN WORLD IS WARNED IF NOT ARMED AGAINST THE POSSIBILITY OF IT IN THE SECOND PLACE THERE IS A WEAKNESS INHERENT IN THE BROWN MAN WHICH WILL BRING HIS ADVENTURE TO NAUGHT FROM THE WEST HE HAS BORROWED ALL OUR MATERIAL ACHIEVEMENT AND PASSED OUR ETHICAL ACHIEVEMENT BY,"The Western World is warned if not armed against the possibility of it . In the second place, there is weakness inherent in the brown man, which will bring his adventure to naught. From the west he has borrowed all our material achievement and passed our ethical achievement by.",0.02040816326530612,1,49,"The Western World is warned if not armed against the possibility of it. In the second place, there is weakness inherent in the brown man, which will bring his adventure to naught. From the west he has borrowed all our material achievement and passed our ethical achievement by.",0.02040816326530612,1,49
36,4,"1,2,3,4",clean_fileid_36_doa269_spk1_1.wav|clean_fileid_36_doa269_spk1_2.wav|clean_fileid_36_doa269_spk1_3.wav|clean_fileid_36_doa269_spk1_4.wav,608.0,624.0,16.0,269,text_fileid_36_doa269_spk1.txt,clean_spk1,THE BRIDGE OPENED ON A RATHER FINE STREET CALLED SAINT THOMAS'S STREET HE ENTERED IT HERE AND THERE WERE HIGH CARVED GABLES AND SHOP FRONTS HE SET TO KNOCKING AT THE DOORS AGAIN,The bridge open are a rather far street called St . Thomas' Street. He entered it. Here and there were high carved gables and shot fronts . He's sent to knocking at the doors again. (silence),0.2727272727272727,9,33,The bridge open are a rather far street called St. Thomas'Street. He entered it. Here and there were high carved gables and shot fronts. He's sent to knocking at the doors again. (silence),0.30303030303030304,10,33
37,4,"1,2,3,4",clean_fileid_37_doa104_spk1_1.wav|clean_fileid_37_doa104_spk1_2.wav|clean_fileid_37_doa104_spk1_3.wav|clean_fileid_37_doa104_spk1_4.wav,624.0,640.0,16.0,104,text_fileid_37_doa104_spk1.txt,clean_spk1,AND THERE WAS MUCH COMMENT ON THIS EVIDENCE OF A DECLINING INDUSTRY IT WAS NOT AT ONCE RECOGNIZED THAT THERE WAS EMBODIED IN HORSE FLESH MORE HORSE POWER THAN EVER BEFORE,And there was much comment on this evidence of a declining industry. It was not at once recognized that there was embodied in horse flesh more horsepower than ever before.,0.06451612903225806,2,31,And there was much comment on this evidence of a declining industry. It was not at once recognized that there was embodied in horse flesh more horsepower than ever before.,0.06451612903225806,2,31
38,5,"1,2,3,4,5",clean_fileid_38_doa1_spk1_1.wav|clean_fileid_38_doa1_spk1_2.wav|clean_fileid_38_doa1_spk1_3.wav|clean_fileid_38_doa1_spk1_4.wav|clean_fileid_38_doa1_spk1_5.wav,640.0,660.0,20.0,1,text_fileid_38_doa1_spk1.txt,clean_spk1,ONCE UPON A TIME THERE WAS AN OLD WIDOW WOMAN WHO HAD THREE SONS THE FIRST TWO WERE CLEVER ENOUGH BUT THE THIRD BOBO BY NAME WAS LITTLE BETTER THAN A SILLY SIMPLETON ALL HIS MOTHER'S SCOLDINGS AND BEATINGS,"What's up on the time there was an old widow woman who had three sons. The first two were clever enough, but the third bobo by name was a little better than the Sufi Sim pleton. All his mother's folding and beatings",0.2564102564102564,10,39,"What's up on the time there was an old widow woman who had three sons. The first two were clever enough, but the third bobo by name was a little better than the Sufi Sim pleton. All his mother's folding and beatings",0.2564102564102564,10,39
39,5,"1,2,3,4,5",clean_fileid_39_doa250_spk1_1.wav|clean_fileid_39_doa250_spk1_2.wav|clean_fileid_39_doa250_spk1_3.wav|clean_fileid_39_doa250_spk1_4.wav|clean_fileid_39_doa250_spk1_5.wav,660.0,680.0,20.0,250,text_fileid_39_doa250_spk1.txt,clean_spk1,BUT HE MADE HIS WAY DOWN TO THE FORD UNDER THE PALACE WALLS AND STEPPED INTO THE FLOODED WATER INCH BY INCH AND FOOT BY FOOT HE FOUGHT HIS WAY ACROSS NOW NEARLY SWEPT OFF HIS FEET BY SOME SUDDEN SWIRL OR EDDY NOW NARROWLY ESCAPING,"But he made his way down to the Ford under the palace walls and stepped into the flooded water , inch by inch, and foot by foot he fought his way across , now nearly swept off his feet by some sudden swirl or eddy now narrowly escaping.",0.0,0,46,"But he made his way down to the Ford under the palace walls and stepped into the flooded water, inch by inch, and foot by foot he fought his way across, now nearly swept off his feet by some sudden swirl or eddy now narrowly escaping.",0.0,0,46
40,4,"1,2,3,4",clean_fileid_40_doa14_spk1_1.wav|clean_fileid_40_doa14_spk1_2.wav|clean_fileid_40_doa14_spk1_3.wav|clean_fileid_40_doa14_spk1_4.wav,680.0,696.0,16.0,14,text_fileid_40_doa14_spk1.txt,clean_spk1,WE ADVANCED TALKING IN THAT FASHION AND IN HIGH SPIRITS AND CONGRATULATING OURSELVES IN BEING SHUT OF THE TRANSPORT AND ON BREATHING FINE MOUNTAIN AIR AGAIN,"We advanced talking in that fashion and in high spirits, and congratulating ourselves in being shut off the transport and on breathing fine mountain air again.",0.038461538461538464,1,26,"We advanced talking in that fashion and in high spirits, and congratulating ourselves in being shut off the transport and on breathing fine mountain air again.",0.038461538461538464,1,26
41,4,"1,2,3,4",clean_fileid_41_doa116_spk1_1.wav|clean_fileid_41_doa116_spk1_2.wav|clean_fileid_41_doa116_spk1_3.wav|clean_fileid_41_doa116_spk1_4.wav,696.0,712.0,16.0,116,text_fileid_41_doa116_spk1.txt,clean_spk1,WE TOOK ROOMS AT A HOTEL IN MEDWORTH QUARLES EXPLAINING THAT OUR INVESTIGATIONS MIGHT TAKE SOME DAYS NEXT MORNING INSTEAD OF GOING TO WITHAN AS I HAD EXPECTED HE TOOK ME TO THE POLICE COURT,"We took rooms at a hotel and networked, crowds exploding in our investigation might take some days. Next morning, instead of going to With en as I had expected, he took me to the police court. [BLANK _AUDIO",0.2857142857142857,10,35,"We took rooms at a hotel and networked, crowds exploding in our investigation might take some days. Next morning, instead of going to With en as I had expected, he took me to the police court. BLANK _AUDIO",0.2857142857142857,10,35
42,5,"1,2,3,4,5",clean_fileid_42_doa76_spk1_1.wav|clean_fileid_42_doa76_spk1_2.wav|clean_fileid_42_doa76_spk1_3.wav|clean_fileid_42_doa76_spk1_4.wav|clean_fileid_42_doa76_spk1_5.wav,712.0,732.0,20.0,76,text_fileid_42_doa76_spk1.txt,clean_spk1,HOW CAN EARTHLY WORDS DESCRIBE IT IT TOWERED TEN FEET AT THE SHOULDER HAD FOUR LEGS ON EITHER SIDE A BROAD FLAT TAIL LARGER AT THE TIP THAN AT THE ROOT AND WHICH IT HELD,"_ how_can_earthly_words_describe_it . This is how 10 feet at the shoulder have four legs on either side . A broad, flat tail , larger at the tip than at the root, and which it held .",0.2857142857142857,10,35,"_ how_can_earthly_words_describe_it. This is how 10 feet at the shoulder have four legs on either side. A broad, flat tail, larger at the tip than at the root, and which it held.",0.2857142857142857,10,35
43,4,"1,2,3,4",clean_fileid_43_doa273_spk1_1.wav|clean_fileid_43_doa273_spk1_2.wav|clean_fileid_43_doa273_spk1_3.wav|clean_fileid_43_doa273_spk1_4.wav,732.0,748.0,16.0,273,text_fileid_43_doa273_spk1.txt,clean_spk1,ODETTE ODETTE HE WHISPERED DON'T YOU REALISE THAT I LOVE YOU AND WOULD GIVE MY LIFE TO SAVE YOU FROM UNHAPPINESS WON'T YOU TELL ME EVERYTHING PLEASE NO NO NO SHE MURMURED WITH A LITTLE CATCH IN HER VOICE PLEASE DON'T ASK ME,"Odette, Odette he whispered. Don't you realize that I love you and would give my life to save you from unhappiness? Won't you tell me everything please? No, no, no, she murmured with a little catch in her voice. Please don't ask me .",0.023255813953488372,1,43,"Odette, Odette he whispered. Don't you realize that I love you and would give my life to save you from unhappiness? Won't you tell me everything please? No, no, no, she murmured with a little catch in her voice. Please don't ask me.",0.023255813953488372,1,43
44,5,"1,2,3,4,5",clean_fileid_44_doa215_spk1_1.wav|clean_fileid_44_doa215_spk1_2.wav|clean_fileid_44_doa215_spk1_3.wav|clean_fileid_44_doa215_spk1_4.wav|clean_fileid_44_doa215_spk1_5.wav,748.0,768.0,20.0,215,text_fileid_44_doa215_spk1.txt,clean_spk1,I TOO HAVE HAD MY DREAM I TOO HAVE MEDITATED I TOO HAVE SIGHED I TOO HAVE HAD A MOONLIGHT SOUL LOVE IS A CHILD SIX THOUSAND YEARS OLD LOVE HAS THE RIGHT TO A LONG WHITE BEARD,"I too have had my dream. I too have meditated . I too have sighed . I too have had a moonlight soul . Love is a child, 6,000 years old. Love has the right to a long white beard.",0.05263157894736842,2,38,"I too have had my dream. I too have meditated. I too have sighed. I too have had a moonlight soul. Love is a child, 6,000 years old. Love has the right to a long white beard.",0.05263157894736842,2,38
45,4,"1,2,3,4",clean_fileid_45_doa278_spk1_1.wav|clean_fileid_45_doa278_spk1_2.wav|clean_fileid_45_doa278_spk1_3.wav|clean_fileid_45_doa278_spk1_4.wav,768.0,784.0,16.0,278,text_fileid_45_doa278_spk1.txt,clean_spk1,ONE LADY HAD A FRIGHT FOR THE WIND BLEW THE END OF HER SHAWL WITHIN REACH OF A TIGER'S GREAT CLAW AND HE CLUTCHED IT TRYING TO DRAG HER NEARER THE SHAWL CAME OFF AND THE POOR LADY RAN AWAY SCREAMING,"One lady had a fright for the wind blew the end of her shawl within reach of a tiger's great claw, and he clutched it, trying to drag her niver. The shawl came off and the poor lady ran away screaming .",0.024390243902439025,1,41,"One lady had a fright for the wind blew the end of her shawl within reach of a tiger's great claw, and he clutched it, trying to drag her niver. The shawl came off and the poor lady ran away screaming.",0.024390243902439025,1,41
46,4,"1,2,3,4",clean_fileid_46_doa189_spk1_1.wav|clean_fileid_46_doa189_spk1_2.wav|clean_fileid_46_doa189_spk1_3.wav|clean_fileid_46_doa189_spk1_4.wav,784.0,800.0,16.0,189,text_fileid_46_doa189_spk1.txt,clean_spk1,YOU'LL SEE THE ENGLISHEST LOOKING ENGLISHMAN YOU EVER SAT EYES ON OUTSIDE THE PAGES OF PUNCH TRYING TO TEAR MY OLD FASHIONED DOORBELL OUT BY THE ROOTS THAT'S YOUR BEST MAKE UP IS IT REMSEN,"You'll see the English is looking Englishman you ever set eyes on outside the pages of punch trying to tear my old-fashioned doorbell out by the roots . That's your best makeup, is it Remsen?",0.2,7,35,"You'll see the English is looking Englishman you ever set eyes on outside the pages of punch trying to tear my old-fashioned doorbell out by the roots. That's your best makeup, is it Remsen?",0.2,7,35
47,4,"1,2,3,4",clean_fileid_47_doa104_spk1_1.wav|clean_fileid_47_doa104_spk1_2.wav|clean_fileid_47_doa104_spk1_3.wav|clean_fileid_47_doa104_spk1_4.wav,800.0,816.0,16.0,104,text_fileid_47_doa104_spk1.txt,clean_spk1,AT FIRST UNDER DIFFERENT ANIMAL SHAPES SINCE THAT TIME PARTLY FROM HABIT AND PARTLY TO AMUSE OURSELVES WE HAVE CONTINUED TO TRANSFORM OURSELVES AND IT WAS IN THIS WAY THAT I GOT TO KNOW YOU HOW EXCLAIMED JEGU FILLED WITH ASTONISHMENT,"At first under different animal shapes . Since that time partly from habit and partly to amuse ourselves, we have continued to transform ourselves . And it was in this way that I got to know you . How, exclaimed Jago, filled with astonishment.",0.024390243902439025,1,41,"At first under different animal shapes. Since that time partly from habit and partly to amuse ourselves, we have continued to transform ourselves. And it was in this way that I got to know you. How, exclaimed Jago, filled with astonishment.",0.024390243902439025,1,41
48,5,"1,2,3,4,5",clean_fileid_48_doa227_spk1_1.wav|clean_fileid_48_doa227_spk1_2.wav|clean_fileid_48_doa227_spk1_3.wav|clean_fileid_48_doa227_spk1_4.wav|clean_fileid_48_doa227_spk1_5.wav,816.0,836.0,20.0,227,text_fileid_48_doa227_spk1.txt,clean_spk1,APPLIED TO HER WORK BUT AFTER A FEW MINUTES SUNK AGAIN WITHOUT KNOWING IT HERSELF INTO LANGUOR AND LISTLESSNESS MOVING HERSELF IN HER CHAIR FROM THE IRRITATION OF WEARINESS MUCH OFTENER THAN SHE MOVED HER NEEDLE,"Apply to her work , but after a few minutes , sunk again without knowing it herself, into Langer endless lessness, moving herself in her chair from the irritation of weariness, much oftener than she moved her needle.",0.1111111111111111,4,36,"Apply to her work, but after a few minutes, sunk again without knowing it herself, into Langer endless lessness, moving herself in her chair from the irritation of weariness, much oftener than she moved her needle.",0.1111111111111111,4,36
49,4,"1,2,3,4",clean_fileid_49_doa63_spk1_1.wav|clean_fileid_49_doa63_spk1_2.wav|clean_fileid_49_doa63_spk1_3.wav|clean_fileid_49_doa63_spk1_4.wav,836.0,852.0,16.0,63,text_fileid_49_doa63_spk1.txt,clean_spk1,BY WHICH SOCIAL WANTS MUST BE SATISFIED THE PEOPLE DO NOT VOTE IT THE LEGISLATOR DOES NOT EXPRESS IT THE SAVANT DISCOVERS AND FORMULATES IT BUT IN FACT THE LAW,"by which social wants must be satisfied. The people do not vote it. The legislator does not express it. The savant discovers and formulates it. But in fact, the law.",0.0,0,30,"by which social wants must be satisfied. The people do not vote it. The legislator does not express it. The savant discovers and formulates it. But in fact, the law.",0.0,0,30
