fileid,mic_file,method,doa_source,speaker_id,duration_sec,gt_doa,steering_doa,predicted_doa_count,predicted_doas,matched_predicted_index,steering_doa_error_deg,beamformed_file,gt_text_file,wer,edit_distance,ref_words,input_sdr,sdr,sdr_i,input_si_sdr,si_sdr,si_sdr_i,input_wb_pesq,wb_pesq,wb_pesq_i,reference,hypothesis,ipdnet_sec,beamforming_sec,whisper_sec,total_sec,ipdnet_rtf,beamforming_rtf,whisper_rtf,total_rtf,under_realtime
0,mic_fileid_0_doa73_3spk.wav,MVDRBeamformer-GT,gt,1,17.622,73,73,0,,,0.0,beamformed_fileid_0_spk1_gt_doa73_gt73.wav,text_fileid_0_doa73_spk1.txt,0.0,0,38,4.8832173347473145,2.8731002807617188,-2.0101170539855957,4.86379861831665,0.07182396948337555,-4.791974648833275,1.3355612754821777,1.4057213068008423,0.07016003131866455,BUT BEFORE HIS ARRIVAL LIFE WAS EXTINCT THE COUNT IS INSANE WITH GRIEF MORE ESPECIALLY BECAUSE THE MAID DISCOVERED THAT HER LADYSHIP HAD LEFT A LETTER TO SOME MAN SHE CALLS DICK TELLING HIM THAT SHE LOVED HIM,"But before his arrival, life was extinct. The Count is insane with grief, more especially because the maid discovered that her ladyship had left a letter to some man she calls Dick, telling him that she loved him.",0.0,0.14752291599995715,2.505241995999995,2.6527649119999523,0.0,0.00837151946430355,0.14216558824196998,0.15053710770627354,1
1,mic_fileid_1_doa82_3spk.wav,MVDRBeamformer-GT,gt,1,16.681375,187,187,0,,,0.0,beamformed_fileid_1_spk1_gt_doa187_gt187.wav,text_fileid_1_doa187_spk1.txt,0.03125,1,32,4.6262102127075195,3.4224939346313477,-1.2037162780761719,4.592447757720947,1.879090666770935,-2.713357090950012,1.2753520011901855,1.3802598714828491,0.10490787029266357,BUT THE PRECAUTIONS WHICH HAVE BEEN SO HAPPILY CONCERTED IN THE SYSTEM UNDER CONSIDERATION PROMISE AN EFFECTUAL SECURITY AGAINST THIS MISCHIEF THE CHOICE OF SEVERAL TO FORM AN INTERMEDIATE BODY OF ELECTORS,But the precautions which have been so happily concerted in the system under consideration promised an effectual security against this mischief. The choice of several to form an intermediate body of electors.,0.0,0.36614903500003493,0.584672759,0.950821794000035,0.0,0.021949571603062393,0.035049434414129534,0.056999006017191926,1
2,mic_fileid_2_doa36_3spk.wav,MVDRBeamformer-GT,gt,1,17.43025,36,36,0,,,0.0,beamformed_fileid_2_spk1_gt_doa36_gt36.wav,text_fileid_2_doa36_spk1.txt,0.21951219512195122,9,41,5.0097336769104,3.370638132095337,-1.6390955448150635,5.002055644989014,0.43675240874290466,-4.565303236246109,1.2396373748779297,1.284273624420166,0.04463624954223633,OR WASHING OR CHURNING DAYS HER LIFE WAS QUIET AND MONOTONOUS ALTHOUGH HARD WORKING AND WHILE HER HANDS MECHANICALLY FOUND AND DID THEIR ACCUSTOMED LABOUR THE THOUGHTS THAT ROSE IN HER HEAD ALWAYS CENTRED ON CHARLEY KINRAID HIS WAYS HIS WORDS,"or washing for turning days. Her life was quiet and monotonous, although hardworking, and while her hands mechanically found and did their accustomed labor, the box that rose in her head always centered on Charlie Kinrade. His ways, his words.",0.0,0.14893086500001118,0.7047180770000523,0.8536489420000635,0.0,0.008544390642705135,0.04043074981713127,0.0489751404598364,1
3,mic_fileid_3_doa39_3spk.wav,MVDRBeamformer-GT,gt,1,14.798375,39,39,0,,,0.0,beamformed_fileid_3_spk1_gt_doa39_gt39.wav,text_fileid_3_doa39_spk1.txt,0.058823529411764705,2,34,4.865467071533203,3.8255908489227295,-1.0398762226104736,4.855953216552734,1.329128623008728,-3.5268245935440063,1.2316536903381348,1.3440430164337158,0.11238932609558105,WHICH TAKES OVER THE USUAL STREAM OF CONSCIOUSNESS TYPE OF THINKING IT IS IMPLIED THAT THE PROCESS MAY BE ATAVISTIC ONE OF THE NEWER THEORIES ONE HELD BY DOCTOR LEWIS R WOLBERG A PSYCHOANALYST,"which takes over the usual stream of consciousness type of thinking. It is implied that the process may be atavistic. One of the newer theories, one held by Dr. Louis R. Wolberg, a psychoanalyst.",0.0,0.03366464199996244,0.5149620540000797,0.5486266960000421,0.0,0.0022748877494969846,0.034798554165580996,0.03707344191507798,1
4,mic_fileid_4_doa26_3spk.wav,MVDRBeamformer-GT,gt,1,15.334625,26,26,0,,,0.0,beamformed_fileid_4_spk1_gt_doa26_gt26.wav,text_fileid_4_doa26_spk1.txt,0.15625,5,32,3.8145864009857178,0.5504382848739624,-3.2641481161117554,3.7973413467407227,-1.3305811882019043,-5.127922534942627,1.250014066696167,1.22699773311615,-0.02301633358001709,THE PUBLICATION IF MADE AT ALL SHOULD BE EFFECTED AS SOON AS POSSIBLE AFTER MY DEATH MY FATHER DIED ON THE SIXTH OF DECEMBER EIGHTEEN EIGHTY TWO IT WILL BE SEEN THEREFORE,"The publication, if made at all, should be affected as soon as possible after my death. My father died on the 6th of December, 1882. It will be seen, therefore.",0.0,0.035934274999931404,0.44747339999992164,0.48340767499985304,0.0,0.0023433422727931986,0.029180589678581746,0.03152393195137494,1
5,mic_fileid_5_doa60_3spk.wav,MVDRBeamformer-GT,gt,1,15.43125,338,338,0,,,0.0,beamformed_fileid_5_spk1_gt_doa338_gt338.wav,text_fileid_5_doa338_spk1.txt,0.15384615384615385,6,39,4.235630512237549,1.7982707023620605,-2.4373598098754883,4.225747108459473,-1.0211663246154785,-5.246913433074951,1.1749225854873657,1.2241880893707275,0.049265503883361816,HOW TRUE WHEN ONE HAS THE HONOR OF BEING AN EXPERT AS MASTER IS ONE MUSTN'T LAY HIMSELF OPEN TO CONSEIL DIDN'T HAVE TIME TO COMPLETE THE COMPLIMENT IN THE MIDST OF THE GENERAL SILENCE A VOICE BECAME AUDIBLE,"How true! When one has the honor of being an expert of masters, one mustn't lay himself open to. Cance didn't have time to complete the compliment. And then midst of the general silence, a voice became audible.",0.0,0.03862512299997434,0.5175126399999499,0.5561377629999242,0.0,0.002503045637908422,0.03353666358849412,0.03603970922640254,1
6,mic_fileid_6_doa30_3spk.wav,MVDRBeamformer-GT,gt,1,15.101125,140,140,0,,,0.0,beamformed_fileid_6_spk1_gt_doa140_gt140.wav,text_fileid_6_doa140_spk1.txt,0.05405405405405406,2,37,3.961557626724243,2.271113872528076,-1.690443754196167,3.953115940093994,-0.5574424266815186,-4.510558366775513,1.213527798652649,1.165411114692688,-0.04811668395996094,HE WORE A BLOUSE AND UNDER HIS BLOUSE AN OLD BLACK COAT HE MADE PRETENSIONS TO LITERATURE AND TO MATERIALISM THERE WERE CERTAIN NAMES WHICH HE OFTEN PRONOUNCED TO SUPPORT WHATEVER THINGS HE MIGHT BE SAYING VOLTAIRE,He wore blouse and under his blouse an old black coat. He made pretensions to literature and to materialism. There were certain names which are often pronounced to support whatever things he might be saying. Voltaire.,0.0,0.05439853600000788,0.526942049000013,0.5813405850000208,0.0,0.0036022836709190794,0.034894224701802874,0.038496508372721956,1
7,mic_fileid_7_doa57_3spk.wav,MVDRBeamformer-GT,gt,1,13.9115,57,57,0,,,0.0,beamformed_fileid_7_spk1_gt_doa57_gt57.wav,text_fileid_7_doa57_spk1.txt,0.08695652173913043,2,23,2.229769468307495,2.4664971828460693,0.23672771453857422,2.2040748596191406,0.6365731954574585,-1.5675016641616821,1.1526575088500977,1.2484174966812134,0.09575998783111572,THOSE BULLET HOLES IN THE BACK OF THE CAR WERE FIRED FROM ABOVE AND BEHIND THE MACHINE THEY SLANTED DOWN BUT NOT SIDEWISE,"Those bullet holes in the back of the car were fired from above and behind the machines. They slanted down, but not sideways.",0.0,0.03193616100008967,0.3350589990000117,0.36699516000010135,0.0,0.002295666247355761,0.02408503748697205,0.026380703734327812,1
8,mic_fileid_8_doa80_3spk.wav,MVDRBeamformer-GT,gt,1,17.153125,333,333,0,,,0.0,beamformed_fileid_8_spk1_gt_doa333_gt333.wav,text_fileid_8_doa333_spk1.txt,0.09090909090909091,5,55,5.1611785888671875,3.721226453781128,-1.4399521350860596,5.142127990722656,1.4687221050262451,-3.673405885696411,1.2348089218139648,1.3608081340789795,0.12599921226501465,THEY WANTED TO LEARN THE GAME AT TWO O'CLOCK THE CAPTAIN ASKED THE MATE HOW WE WERE GETTING ON OH PRETTY GLIBLY SIR REPLIED THE MATE WE CAN SCARCELY TELL WHAT HEADWAY WE ARE MAKING FOR WE ARE OBLIGED TO KEEP THE MIDDLE OF THE RIVER AND THERE IS THE SHADOW OF A FOG RISING,"They wanted to learn the game. At two o'clock, the captain asked the mate how he was getting on. Hope pretty glibly served, replied the mate. She can scarcely tell what headway we are making, for we are obliged to keep the middle of the river, and there is the shadow of a fog rising.",0.0,0.12030252400006702,0.8830578170000081,1.003360341000075,0.0,0.007013446471127974,0.05148087109491758,0.058494317566045555,1
9,mic_fileid_9_doa85_3spk.wav,MVDRBeamformer-GT,gt,1,16.73125,314,314,0,,,0.0,beamformed_fileid_9_spk1_gt_doa314_gt314.wav,text_fileid_9_doa314_spk1.txt,0.1794871794871795,7,39,4.034686088562012,2.8221001625061035,-1.2125859260559082,4.0257954597473145,0.19910307228565216,-3.8266923874616623,1.1800642013549805,1.2611405849456787,0.08107638359069824,THE DEAF GENTLEMAN SUBMITTED WHY DID YOU INVITE YOURSELF BECAUSE A TEA PARTY IS NOT COMPLETE WITHOUT A WOMAN HER MANNER WAS AS STRANGELY ALTERED AS HER LOOKS THAT SHE WAS BESIDE HERSELF FOR THE MOMENT I CLEARLY SAW,"The deaf gentleman submitted, Why did you invite yourself? Because a tea party is not complete without a rumour. Her manner was as strange as the altar by her look. That she was beside herself for the moment I clearly saw.",0.0,0.1338048869999966,0.6651535729999978,0.7989584599999944,0.0,0.007997303668285192,0.03975516312289864,0.04775246679118383,1
10,mic_fileid_10_doa3_3spk.wav,MVDRBeamformer-GT,gt,1,15.430875,3,3,0,,,0.0,beamformed_fileid_10_spk1_gt_doa3_gt3.wav,text_fileid_10_doa3_spk1.txt,0.08888888888888889,4,45,6.595269680023193,2.62160062789917,-3.9736690521240234,6.582216739654541,0.18426240980625153,-6.3979543298482895,1.1794668436050415,1.247553825378418,0.06808698177337646,HERE HE SAW CLIENTS WHEN MISTER CARLYLE WAS OUT OR ENGAGED AND HERE HE ISSUED PRIVATE ORDERS A LITTLE WINDOW NOT LARGER THAN A PANE OF GLASS LOOKED OUT FROM THE CLERK'S OFFICE THEY CALLED IT OLD DILL'S PEEP HOLE AND WISHED IT ANYWHERE ELSE,"Here he saw clients when Mr. Carlisle was out or engaged, and here he issued private orders. A little window, not larger than a pane of glass, looked out from the clerk's office. They called it Old Dills Peephole and wished it anywhere else.",0.0,0.02536906899990754,0.6151596250000466,0.6405286939999542,0.0,0.0016440460440453014,0.03986550503455226,0.041509551078597565,1
11,mic_fileid_11_doa93_3spk.wav,MVDRBeamformer-GT,gt,1,15.721,264,264,0,,,0.0,beamformed_fileid_11_spk1_gt_doa264_gt264.wav,text_fileid_11_doa264_spk1.txt,0.21875,7,32,2.552096366882324,1.316976547241211,-1.2351198196411133,2.513596534729004,-0.40730345249176025,-2.920899987220764,1.2188899517059326,1.200532078742981,-0.01835787296295166,SEES ME BOWLING ALONG THE ROAD STRAIGHTWAY DELIVERS HIMSELF OF A YELL PURE AND SIMPLE AT PERRYSBURG I STRIKE THE FAMOUS MAUMEE PIKE FORTY MILES OF STONE ROAD ALMOST A DEAD LEVEL,"Seize me, Bowen, along the road, straightway delivers himself of a yell pure and simple. At Perrysburg, I strike to famous Wami Pike, 40 miles of stone road, almost to dead levels.",0.0,0.030196467999985543,0.46646615999998176,0.4966626279999673,0.0,0.001920772724380481,0.029671532345269497,0.031592305069649974,1
12,mic_fileid_12_doa38_3spk.wav,MVDRBeamformer-GT,gt,1,17.289,38,38,0,,,0.0,beamformed_fileid_12_spk1_gt_doa38_gt38.wav,text_fileid_12_doa38_spk1.txt,0.075,3,40,2.3310248851776123,0.012469334527850151,-2.318555550649762,2.310882329940796,-1.7147042751312256,-4.0255866050720215,1.4103443622589111,1.3525352478027344,-0.05780911445617676,OF ANY OTHER MATTER WHICH MIGHT HAVE BEEN PREYING UPON HER HUSBAND'S MIND RECENTLY MISSUS MANDERSON KNEW OF NONE WHATEVER THE CORONER INTIMATED THAT HER ORDEAL WAS AT AN END AND THE VEILED LADY MADE HER WAY TO THE DOOR,of any other matter which might have been pranked upon her husband's mind recently. Mrs. Madison knew of none whatever. The coroner intimated that her ordeal was at an end and the veiled lady made her way to the door.,0.0,0.08698839599992425,0.5657224249999899,0.6527108209999142,0.0,0.005031430157899488,0.03272152380126033,0.03775295395915982,1
13,mic_fileid_13_doa5_3spk.wav,MVDRBeamformer-GT,gt,1,17.47475,5,5,0,,,0.0,beamformed_fileid_13_spk1_gt_doa5_gt5.wav,text_fileid_13_doa5_spk1.txt,0.15384615384615385,6,39,3.7321784496307373,-0.9437451362609863,-4.675923585891724,3.7215282917022705,-2.9120614528656006,-6.633589744567871,1.3005075454711914,1.2738765478134155,-0.02663099765777588,NO MATTER HOW DIFFICULT HE MUST SUCCEED IN IT OR DIE THEY DID NOT THINK LONG BUT REPLIED LET HIM BUILD YOUR MAJESTY IN ONE DAY A MORE BEAUTIFUL PALACE THAN THIS AND IF HE FAILS IN THE ATTEMPT,"No matter how difficult, am I succeeded or done? They did not think long, but replied, Let him build your majesty in one day a more beautiful palace than this, and if he fails in the attempt.",0.0,0.15491145299995424,0.5458669289999989,0.7007783819999531,0.0,0.008864873775015622,0.03123746714545266,0.040102340920468285,1
14,mic_fileid_14_doa181_3spk.wav,MVDRBeamformer-GT,gt,1,17.749,181,181,0,,,0.0,beamformed_fileid_14_spk1_gt_doa181_gt181.wav,text_fileid_14_doa181_spk1.txt,0.19047619047619047,8,42,5.893156051635742,1.2748602628707886,-4.618295788764954,5.878009796142578,-0.7132124304771423,-6.5912222266197205,1.3085827827453613,1.3402838706970215,0.031701087951660156,THIS WAS A CURIOUS CONSOLATION THE TWO SPENT HOURS TOGETHER SOMETIMES IN THE TINY PARLOR STUMBLING OVER BERLIN WOOL DIFFICULTIES AND NOW AND THEN WANDERING TO AND FRO CONVERSATIONALLY FROM PRISCILLA TO THE OCTAGON STITCH AND FROM THE OCTAGON STITCH TO DENIS,"This was a curious consolation. The two spent hours together sometimes, with a tiny parlor, stumbling over bullet hole difficulties and now and then wandering true and fro, conversationally from Priscilla to the Octamount Stitch and from the Octamount Stitch to Dennis.",0.0,0.16026430700003402,0.7106947710000213,0.8709590780000553,0.0,0.009029483745565049,0.040041397881571995,0.04907088162713705,1
15,mic_fileid_15_doa78_3spk.wav,MVDRBeamformer-GT,gt,1,15.6375,266,266,0,,,0.0,beamformed_fileid_15_spk1_gt_doa266_gt266.wav,text_fileid_15_doa266_spk1.txt,0.1388888888888889,5,36,4.412204265594482,-0.3345281481742859,-4.746732413768768,4.38306188583374,-1.9459116458892822,-6.3289735317230225,1.276834487915039,1.2899510860443115,0.013116598129272461,WHEN ON SHORE HE FOLLOWED HIS FAVORITES LIKE A DOG AND WAS NEVER KNOWN TO ROOT EXCEPT IN SPEECH AND APPEARANCE HE WAS THE COUNTERPART OF A HAPPY GOOD NATURED AND WELL CARED FOR HOUSEHOLD DOG,"When on shore, he followed his favorites like a dog, and was never known to root. Except in speech and appearance, he was the counterpart of a happy, good-natured, and well-cared-born household dog.",0.0,0.023704093999981524,0.594017397000016,0.6177214909999975,0.0,0.001515849336529594,0.037986724028778,0.039502573365307596,1
16,mic_fileid_16_doa36_3spk.wav,MVDRBeamformer-GT,gt,1,15.665875,36,36,0,,,0.0,beamformed_fileid_16_spk1_gt_doa36_gt36.wav,text_fileid_16_doa36_spk1.txt,0.175,7,40,5.2378387451171875,3.4882707595825195,-1.749567985534668,5.22373104095459,0.7616294026374817,-4.462101638317108,1.2247428894042969,1.299103856086731,0.07436096668243408,ONE HOT SUMMER DAY A FEW MONTHS AFTER THE MARRIAGE JULIET RETURNING TO THE CONSULATE AFTER A MORNING SPENT IN VERY ACTIVE EXERCISE UPON A TENNIS COURT WAS MET ON THE DOORSTEP BY DORA THE YOUNGEST OF THE CLARENCY BUTCHERS,"One hot summer day, a few months after the marriage, Julia, returning to the consul after a long-spent and very active exercise upon the tennis court, was met on the doorstep by Dora, the youngest of the Torrense butchers.",0.0,0.02988961300002302,0.5927634369999168,0.6226530499999399,0.0,0.0019079440503657165,0.03783787608415852,0.03974582013452424,1
